scenario,realization,fcst_max_compliance_dd,fcst_max_receptor_dd,fcst_recovery_years,fcst_stage4_mean_inflow
S0_BASE,real_0001,26.42970775178624,1.1138336803721884,27.0,36533.372618163994
S0_BASE,real_0002,26.083267652287088,1.6823550615413083,25.0,45659.69586430824
S0_BASE,real_0003,24.62798691466688,2.4351049010062056,20.0,60716.6421463097
S0_BASE,real_0004,11.237062604883072,1.5778300185076333,20.0,31998.04674060963
S0_BASE,real_0006,34.14072052981106,2.6116897887379835,39.0,44543.19311165351
S0_BASE,real_0008,11.9728472875663,0.5131560897512202,27.0,18031.240998635993
S0_BASE,real_0009,36.51951800017298,1.224104857721116,39.0,46045.426498231755
S0_BASE,real_0010,12.14700680102218,0.34700064457540947,44.0,16730.01493655548
S0_BASE,real_0011,20.06914557313755,1.2689876926911978,28.0,32918.30510232516
S0_BASE,real_0012,23.077105888838712,0.4447930571378862,50.0,21982.05064424536
S0_BASE,real_0017,21.120203316819378,3.2822483272723915,24.0,44182.33407591337
S0_BASE,real_0018,25.52443576253074,2.023345545246073,23.0,48231.89191695644
S0_BASE,real_0019,21.85063368005869,1.3749641430595858,31.0,33575.06726773635
S0_BASE,real_0020,18.74874879243377,0.7803698625675111,24.0,41721.70843436736
S0_BASE,real_0021,22.135099465773113,0.8935735061162333,19.0,59902.55576762177
S0_BASE,real_0022,26.707155550061003,0.8153829015906808,37.0,44488.86688529582
S0_BASE,real_0023,16.4539380473422,0.6649282699141139,28.0,35113.21186217696
S0_BASE,real_0026,22.10349891624122,1.0717058073188852,28.0,32447.04230644185
S0_BASE,real_0027,12.100616913622943,0.5720593393006013,24.0,22974.129827730645
S0_BASE,real_0028,16.970423115746986,0.4454491338718398,29.0,38783.480413172365
S0_BASE,real_0029,20.336890536756762,0.805398922464768,38.0,23667.251285050657
S0_BASE,real_0030,35.09390182920791,3.4777088951168196,28.0,66378.89911959521
S0_BASE,real_0031,21.645706229494177,0.7126857432643376,28.0,56986.681409425815
S0_BASE,real_0032,15.736760960583968,0.7983725702787368,21.0,27991.49930434315
S0_BASE,real_0034,23.04462313826711,0.81954204936563,37.0,29679.26487373518
S0_BASE,real_0035,24.97018435251399,2.7301771175615315,23.0,45871.23204976548
S0_BASE,real_0036,20.565884020930806,1.2943925531957419,27.0,39497.29017977907
S0_BASE,real_0038,21.05581511498977,0.9164164960519798,29.0,33223.207509247244
S0_BASE,real_0039,28.9922767445464,0.7416154426318542,23.0,62088.84325265534
S0_BASE,real_0040,22.93080660950024,0.9983388740259471,26.0,36339.539103373
S0_BASE,real_0041,17.432358671949437,0.9503897811202151,27.0,37145.56145700648
S0_BASE,real_0044,14.866145603137088,2.4770997787450213,19.0,38290.831221595356
S0_BASE,real_0045,28.02749222598279,3.020759108059522,22.0,57048.30888844414
S0_BASE,real_0046,21.27081845484029,1.1505551182573868,20.0,41422.8596964798
S0_BASE,real_0047,15.161670122879997,1.2541773091494406,21.0,37121.80269655831
S0_BASE,real_0048,9.071842468133141,0.732532992242902,30.0,15775.266323596345
S0_BASE,real_0049,28.216478307456388,2.616967965540958,28.0,48971.38637108801
S0_BASE,real_0051,20.258465345956527,1.424480511802038,21.0,53006.858570329336
S0_BASE,real_0052,12.941762068737955,0.3882522494630294,46.0,15860.26842670599
S0_BASE,real_0054,24.678247936383922,1.1496971206210844,24.0,46063.031959014785
S0_BASE,real_0055,16.917314588450193,1.0414785181126618,25.0,31260.18431894743
S0_BASE,real_0057,30.77758229226987,10.469119029997607,15.0,76830.29219056743
S0_BASE,real_0059,24.066844398454403,0.7901898132255312,34.0,34667.68696052233
S0_BASE,real_0060,28.28496044952243,1.2330847640371942,24.0,58910.04436379464
S0_BASE,real_0061,15.45803673297549,1.1926639438760063,29.0,23393.550488484787
S0_BASE,real_0062,17.284673903425787,1.2765581816253473,27.0,29175.646877749037
S0_BASE,real_0063,17.83621313148752,1.595416099905563,21.0,42443.5326295107
S0_BASE,real_0064,20.142306044853353,2.179003777168539,22.0,39430.32465174114
S0_BASE,real_0065,19.193774813833755,1.5615089830790367,16.0,57978.92215592387
S0_BASE,real_0066,18.787391655136915,1.1385496643596795,22.0,34040.105105732604
S0_BASE,real_0067,29.488527091578103,2.8874011452127206,24.0,67148.84820983426
S0_BASE,real_0068,14.087011499876823,0.8581137843992082,26.0,25326.337145530226
S0_BASE,real_0069,24.916603045236435,8.966250783822481,15.0,82090.8122857495
S0_BASE,real_0070,16.80382499906053,0.9426642452091727,22.0,46497.92460687285
S0_BASE,real_0071,19.55546623427865,1.2466000199278682,33.0,30018.42173118062
S0_BASE,real_0073,15.240346012565265,2.79379614397174,19.0,40542.87026193271
S0_BASE,real_0074,23.905556609281412,5.213423528701298,19.0,59896.23101453857
S0_BASE,real_0075,20.562834932385968,2.223397984631305,21.0,45647.757637563525
S0_BASE,real_0076,22.117767444451342,0.8332056184243015,32.0,32772.305412698275
S0_BASE,real_0077,15.194981848061207,1.06116973196702,20.0,40555.6464475548
S0_BASE,real_0079,18.331773478726777,1.1057884594345992,28.0,30939.578572835646
S0_BASE,real_0080,26.925833765198515,1.802933621327611,30.0,40698.71530523035
S0_BASE,real_0083,25.272243670819506,0.6098262709240103,38.0,30922.794495226794
S0_BASE,real_0084,28.650494849304884,0.8074863520759195,32.0,37898.31732545981
S0_BASE,real_0085,24.58990092132029,2.7911753965817,12.0,74321.5652963
S0_BASE,real_0086,19.684816951190044,0.5551829208975079,56.0,22805.43193874792
S0_BASE,real_0087,11.066091875291889,0.35552005657409325,34.0,15653.799607614656
S0_BASE,real_0088,37.393604825305744,0.8936325890981323,27.0,49821.72542322607
S0_BASE,real_0089,16.42027903096681,1.135135570259898,16.0,45850.9750039561
S0_BASE,real_0090,19.770591624430086,1.8808786656800294,20.0,44383.11821082379
S0_BASE,real_0091,23.190643690140963,1.4075165144708492,24.0,38089.945778842564
S0_BASE,real_0095,26.485485015492618,4.727350742325633,22.0,54482.67216632133
S0_BASE,real_0096,29.04929573667735,0.7639068077894393,52.0,25933.79977190813
S0_BASE,real_0099,18.855028533511753,2.135513934474126,23.0,45748.81792764792
S2_CONN,real_0001,32.835498796664304,2.4285962204764076,24.0,51632.19875957784
S2_CONN,real_0002,30.723749836287716,2.1124577725809175,23.0,60892.35404118172
S2_CONN,real_0003,28.375823897933298,2.4487919327023917,18.0,77518.9446138237
S2_CONN,real_0006,43.93919765184351,5.271229002855783,31.0,69393.46929876303
S2_CONN,real_0008,18.491029407648924,0.7036816050045402,27.0,26095.043540314655
S2_CONN,real_0009,40.423751848768084,2.5795251194059787,36.0,56027.3812618809
S2_CONN,real_0010,17.65663059751957,0.5157367909952271,40.0,23529.44005082902
S2_CONN,real_0011,30.408938601856526,2.1031761045645467,27.0,49320.926181087954
S2_CONN,real_0012,34.37199826345343,1.86898023567408,42.0,35608.166003872386
S2_CONN,real_0014,36.55783843476527,2.7626008943666136,23.0,70328.09539830248
S2_CONN,real_0015,33.71336527176396,2.7760607636866865,30.0,45900.92936132697
S2_CONN,real_0017,28.826806802417288,5.330695348507973,21.0,69423.64946793395
S2_CONN,real_0018,31.229412492142938,2.583473187527943,21.0,64437.31708369183
S2_CONN,real_0019,31.246413364550428,2.2485795405045508,28.0,51687.48939972584
S2_CONN,real_0020,21.4960163566037,0.7742864482021261,22.0,50633.44155216737
S2_CONN,real_0021,31.639415351455753,1.1989543573264356,18.0,77898.64183970561
S2_CONN,real_0026,35.36081032690153,2.2817144734385053,25.0,55197.79873210421
S2_CONN,real_0029,28.440849655761426,1.8917866497397853,33.0,37981.81470420043
S2_CONN,real_0034,38.02884616600977,1.6361760621956165,35.0,43587.266307580074
S2_CONN,real_0035,33.03658005678924,3.6611873551764376,21.0,65854.80945308365
S2_CONN,real_0036,34.35124384751647,2.7792682015736716,23.0,66534.4403340656
S2_CONN,real_0038,28.02878050867368,1.2698368788616818,27.0,44631.72365966885
S2_CONN,real_0040,31.402727956872937,1.4008271428548298,24.0,50209.219178858664
S2_CONN,real_0042,28.807045641373694,4.347320177050882,13.0,118189.04518941007
S2_CONN,real_0044,23.382871959277388,4.060864094166327,18.0,60576.28720515586
S2_CONN,real_0045,32.77717044830015,3.028909613789075,20.0,71097.2636929944
S2_CONN,real_0046,26.584273347048406,1.2957463762213877,19.0,55559.39123030678
S2_CONN,real_0047,19.271717475830496,1.7080159167238094,19.0,54352.4621511912
S2_CONN,real_0052,25.43750622357306,1.1662972164998138,41.0,26597.18482689088
S2_CONN,real_0054,29.399465900141163,1.135360909411709,23.0,55468.91281655
S2_CONN,real_0057,33.24840809995698,8.65705421507532,13.0,101456.53899934755
S2_CONN,real_0058,39.809516168738526,6.068298703635712,18.0,104584.48023731972
S2_CONN,real_0060,32.03933498225206,1.6889215763289727,22.0,71089.58692818599
S2_CONN,real_0062,22.419500469212764,2.0035323160536365,25.0,40856.8868003399
S2_CONN,real_0063,28.627709363257715,2.595948469110162,20.0,64823.042145962245
S2_CONN,real_0064,22.73865180924461,2.246929308512975,20.0,52681.81958631863
S2_CONN,real_0065,27.813115212206082,2.892522416891559,14.0,85480.77031615275
S2_CONN,real_0066,23.583590113776882,1.274947440895076,20.0,47650.35000592054
S2_CONN,real_0067,32.69688278333436,2.8595977061771407,22.0,77701.69972349852
S2_CONN,real_0068,17.875307421510243,1.0899527114515521,24.0,35396.77261653529
S2_CONN,real_0069,30.526866451269306,9.532240458957517,13.0,109743.13319138771
S2_CONN,real_0070,22.347762769447257,1.2335913427246012,20.0,56887.945616233235
S2_CONN,real_0071,40.4698858239133,4.232705169576953,29.0,58946.15804421228
S2_CONN,real_0072,43.172292806220646,3.7221191688725668,36.0,54153.66025072691
S2_CONN,real_0073,21.961937114149517,4.085183641825573,18.0,60303.50529268398
S2_CONN,real_0074,31.976731678033975,6.5920762123163925,18.0,84092.9844923214
S2_CONN,real_0075,31.165551071439452,3.587982996020685,20.0,68178.49495238726
S2_CONN,real_0076,30.63621843688715,1.188970934810591,30.0,45993.84965698041
S2_CONN,real_0084,34.535779052502974,1.2244191972850302,30.0,46958.02140952797
S2_CONN,real_0086,24.468054048265753,0.9285847179622806,51.0,29973.446950044443
S2_CONN,real_0090,25.938625925257806,2.459743426245481,19.0,58831.838329661776
S2_CONN,real_0094,38.888733256616646,18.770346401858344,17.0,87274.90302324266
S2_CONN,real_0095,35.18635315512814,5.410754408559434,20.0,76975.75629117936
S2_CONN,real_0096,36.43315227192725,1.6170904960335903,47.0,35704.807014556674
S2_CONN,real_0099,22.51082116519518,2.4354830548386204,22.0,56287.63433849906
S3_BUFF,real_0001,31.46740707013003,1.6124947383245996,32.0,34997.657695383474
S3_BUFF,real_0002,32.344973719662,4.085061879210379,33.0,42113.68288518353
S3_BUFF,real_0003,31.45479435924981,6.316065125794779,25.0,54875.43625241497
S3_BUFF,real_0005,18.680153340045944,0.9623976382261361,50.0,21998.88952850927
S3_BUFF,real_0006,42.62024425069235,4.687225785654384,55.0,38322.27560199056
S3_BUFF,real_0007,27.501607142434896,2.025909565381099,27.0,58876.292342441564
S3_BUFF,real_0008,14.610744058111468,0.9251628413571922,33.0,17838.75794884981
S3_BUFF,real_0009,41.42566081430518,1.8357373479174086,45.0,44654.821424744136
S3_BUFF,real_0010,15.819421537298894,0.7161258789734006,57.0,16598.26393699966
S3_BUFF,real_0011,25.282195343958037,2.0928491766884108,37.0,31144.532013956246
S3_BUFF,real_0012,25.656150804682124,0.7024030461021056,56.0,21855.13582776934
S3_BUFF,real_0013,35.23626168505213,3.1935058709477815,35.0,49621.01932362867
S3_BUFF,real_0014,38.30879690940699,5.127328400031118,31.0,52618.766711877004
S3_BUFF,real_0015,26.764550662935036,1.8036894249627622,46.0,25411.081533452973
S3_BUFF,real_0016,26.52034321141076,1.2222654475371613,40.0,25425.99140567461
S3_BUFF,real_0017,29.466630078422533,5.0262377995226615,34.0,38600.73413513127
S3_BUFF,real_0018,32.593781795137424,4.780043585807313,32.0,43950.30361220133
S3_BUFF,real_0019,27.774042861268516,3.007130609022255,41.0,31775.508590653866
S3_BUFF,real_0020,24.636167569229922,1.8401684667112406,30.0,39592.93683817887
S3_BUFF,real_0021,24.916783380186658,1.6501274955952425,21.0,59348.42067364462
S3_BUFF,real_0022,31.548362701673817,1.4196750238724007,43.0,43646.98168463212
S3_BUFF,real_0023,21.731659795989955,1.130810166356511,36.0,34615.344498054845
S3_BUFF,real_0024,27.514990537909892,3.513100944547631,25.0,48878.55475759493
S3_BUFF,real_0025,25.365449612378256,0.6569729165666729,59.0,18226.27616608213
S3_BUFF,real_0026,29.570396626098294,1.9711654248849513,38.0,30037.242132858955
S3_BUFF,real_0027,15.308490786172843,0.9960631926363135,29.0,22731.610371031387
S3_BUFF,real_0028,21.94547309916832,0.8378475577698339,36.0,38324.08465384677
S3_BUFF,real_0029,26.33450358127625,1.4521949534021061,52.0,22545.023432235696
S3_BUFF,real_0030,41.569223597216265,6.997755556798836,34.0,63217.65888080328
S3_BUFF,real_0031,26.328453617717905,1.1700900699211374,33.0,56455.22998687187
S3_BUFF,real_0032,19.069815215433078,1.3478882955143447,25.0,27412.53037591622
S3_BUFF,real_0034,27.656605485284906,1.433409186183276,45.0,29003.765808836248
S3_BUFF,real_0035,31.3309815910894,6.165566246042808,30.0,42154.88563947401
S3_BUFF,real_0036,27.43018015982384,4.318666033521907,36.0,36683.668474776845
S3_BUFF,real_0037,31.721906900317002,1.5939681714499017,37.0,41104.35157942614
S3_BUFF,real_0038,26.221714240587374,1.8601291368300679,36.0,31990.296931709592
S3_BUFF,real_0039,35.02826332195852,1.2948611402331167,27.0,60540.5439768321
S3_BUFF,real_0040,28.420072017893574,1.671629449021502,31.0,34778.07516648324
S3_BUFF,real_0041,22.078256492573374,1.7532268310476482,34.0,36513.223485651986
S3_BUFF,real_0042,33.43354634825215,9.567152146429422,18.0,86025.36105970114
S3_BUFF,real_0043,34.01554512033472,2.438055397185714,34.0,34694.90788842332
S3_BUFF,real_0044,19.735477901427366,4.320206607149743,25.0,36034.52799410372
S3_BUFF,real_0045,34.233047668829926,7.482646695197275,28.0,52802.31852646384
S3_BUFF,real_0046,27.359812144071622,2.891555217017114,26.0,39090.97897746167
S3_BUFF,real_0047,22.121850779110396,2.925915648685887,31.0,34552.56469404929
S3_BUFF,real_0048,10.989288720601195,1.206960084745333,37.0,15690.414119832907
S3_BUFF,real_0049,36.5644148384598,6.770490624397233,38.0,44376.141768738235
S3_BUFF,real_0050,25.77629936491777,5.0432211877196025,20.0,55306.9534594236
S3_BUFF,real_0051,25.23330760151,2.8500464854718217,26.0,50983.575017235875
S3_BUFF,real_0052,15.975077074950729,0.655629286578197,57.0,15807.556088179492
S3_BUFF,real_0053,27.46691549583247,1.142912152892123,31.0,40734.6766319611
S3_BUFF,real_0054,28.603988882416196,3.08824523844671,28.0,44634.47223326046
S3_BUFF,real_0055,22.421133068228297,1.7438883177979392,34.0,29682.53263554552
S3_BUFF,real_0056,39.20510429624174,11.723282659776121,25.0,63832.12431678914
S3_BUFF,real_0057,36.190677131669446,12.84389817732255,20.0,68136.6826273003
S3_BUFF,real_0058,34.59105564438557,3.712868860566296,26.0,67722.9861819054
S3_BUFF,real_0059,28.806704718861802,1.1863739059411103,41.0,33699.70471604177
S3_BUFF,real_0060,34.01735205453835,2.5225491635196775,28.0,56479.94354132658
S3_BUFF,real_0061,20.478821965796147,1.7403676469716345,38.0,22776.308246767378
S3_BUFF,real_0062,23.48988570831199,1.9206086132089766,37.0,27380.40928664374
S3_BUFF,real_0063,22.770933868838686,3.725560077251046,27.0,40727.56732715368
S3_BUFF,real_0064,26.779050889771987,5.483378541863431,31.0,35685.705536074776
S3_BUFF,real_0065,25.491418691990457,3.7615779426463547,21.0,54520.42049215738
S3_BUFF,real_0066,23.16742777164724,3.378674089512735,27.0,32566.613804307883
S3_BUFF,real_0067,35.58433493281864,6.904784746739175,29.0,63517.38556170273
S3_BUFF,real_0068,19.703613127630824,1.7283810719568535,37.0,23899.896619417454
S3_BUFF,real_0069,32.25953574773161,13.23235807745218,21.0,74632.06884629437
S3_BUFF,real_0070,21.57055417409228,1.9736514352444914,27.0,45693.944563116806
S3_BUFF,real_0071,24.638768695505398,1.889898927733931,42.0,29099.474742021306
S3_BUFF,real_0072,32.724062744881806,2.273497171570199,52.0,31280.473677960574
S3_BUFF,real_0073,20.87122145285625,5.817832285560165,26.0,38288.23776219012
S3_BUFF,real_0074,30.78407106567861,8.409416264746724,26.0,55257.3360435382
S3_BUFF,real_0075,25.033711224155624,4.144791047530113,26.0,43649.79918939242
S3_BUFF,real_0076,28.040741201656477,1.5968237368671723,41.0,31235.351911413163
S3_BUFF,real_0077,20.68283348459719,1.6936171468025876,26.0,39348.98057853799
S3_BUFF,real_0078,21.729578569762115,0.9389585036842547,34.0,33334.09928338772
S3_BUFF,real_0079,24.080485574329384,1.984662682446512,37.0,29562.180288828567
S3_BUFF,real_0080,33.42813594019992,3.6796418960001844,38.0,38212.8688388687
S3_BUFF,real_0081,32.057495762486255,1.2482352049763463,45.0,30113.535234601284
S3_BUFF,real_0083,29.697318971663442,0.9482321388313224,45.0,30373.767421254062
S3_BUFF,real_0084,33.41845010141037,1.3428553231957139,37.0,36630.59659815235
S3_BUFF,real_0085,27.707332183995096,4.59991402342358,14.0,71738.82083304107
S3_BUFF,real_0086,25.947235866799822,0.9803894893122589,72.0,22030.207362485984
S3_BUFF,real_0087,13.827407362320056,0.6146591614878503,43.0,15534.603396094302
S3_BUFF,real_0088,40.322191362573605,1.2849536496231977,30.0,48604.79962328242
S3_BUFF,real_0089,21.399862175700303,2.277941983754502,20.0,44443.93851019195
S3_BUFF,real_0090,23.84967758585883,3.5049494705490645,24.0,42458.497912425184
S3_BUFF,real_0091,29.534441434003472,2.628032532335915,32.0,35674.01658414289
S3_BUFF,real_0092,41.98162991169062,3.0529672792858733,29.0,50525.577620202894
S3_BUFF,real_0093,28.646394364814817,2.5757798407512382,33.0,40634.0865219875
S3_BUFF,real_0094,36.41188766913,17.17708005016981,28.0,56705.954679429786
S3_BUFF,real_0095,33.83750159321254,9.63170992457701,31.0,49523.360548664976
S3_BUFF,real_0096,34.88917273956081,1.2370315768655615,65.0,24765.076355031597
S3_BUFF,real_0097,26.285081353073696,7.287145782398262,30.0,39666.63141950354
S3_BUFF,real_0098,43.196547754914164,3.4038361609572476,37.0,59542.08451570106
S3_BUFF,real_0099,23.780641685312904,5.240143722946797,30.0,43553.1640939518
S6_UPRISK,real_0002,32.20055642882764,4.311069846421219,23.0,57292.68415051933
S6_UPRISK,real_0003,29.733054583356846,4.847142135544786,18.0,72967.50243064847
S6_UPRISK,real_0006,46.59694234110464,11.064151529630305,32.0,62301.63935258917
S6_UPRISK,real_0007,33.637046169251995,2.934752622925707,20.0,78297.82951014435
S6_UPRISK,real_0010,17.36048366790376,0.5082843509095483,40.0,22970.073265300703
S6_UPRISK,real_0011,31.89106847499876,3.024811266626905,27.0,46908.707267903825
S6_UPRISK,real_0012,33.95194693475006,1.8850293849427189,42.0,34803.75146854948
S6_UPRISK,real_0014,37.691694244249774,4.575953973506138,23.0,66530.94459032515
S6_UPRISK,real_0015,34.98249859743301,4.473161107973269,29.0,44070.187627958854
S6_UPRISK,real_0017,30.974770516869896,8.564865057922297,21.0,64329.025590864265
S6_UPRISK,real_0018,33.16462043540592,4.992625893631569,22.0,60026.06651398879
S6_UPRISK,real_0019,32.5699393924112,4.399375610837318,28.0,49405.06288540254
S6_UPRISK,real_0020,21.805952929330704,0.8954519991159273,22.0,49121.84525881872
S6_UPRISK,real_0021,31.35598496119946,1.2135694469687905,18.0,76183.22190951683
S6_UPRISK,real_0025,29.682967772457854,0.7052825237779743,46.0,26375.893471343552
S6_UPRISK,real_0026,37.12866109826683,4.826129795933099,25.0,52181.948798736936
S6_UPRISK,real_0028,29.818085397049042,1.4095274671638478,27.0,55974.81214187968
S6_UPRISK,real_0029,29.638582141056325,2.5289813924905857,33.0,36347.07503460701
S6_UPRISK,real_0034,38.87633048992048,2.271408561216994,35.0,42107.65156432435
S6_UPRISK,real_0035,34.546103589045295,6.802598177484718,21.0,62101.63213484503
S6_UPRISK,real_0036,37.1499819678228,7.763086700352517,24.0,61934.40109888821
S6_UPRISK,real_0038,28.693942564311286,1.7412318369865574,27.0,43185.06076288868
S6_UPRISK,real_0040,31.210464154866763,1.4884930111081687,24.0,48980.91393003706
S6_UPRISK,real_0044,24.723621201602917,5.738527154788798,18.0,58058.92929682188
S6_UPRISK,real_0045,34.184041257661676,6.116097888180235,20.0,67162.97989140246
S6_UPRISK,real_0046,27.049664901549207,2.1247584889853286,19.0,53736.5198185851
S6_UPRISK,real_0047,20.75803731550592,2.9589456706997055,19.0,51810.932921050975
S6_UPRISK,real_0049,35.67422235760646,7.943598194779554,25.0,62207.53725427239
S6_UPRISK,real_0051,29.3154956777133,2.409938942051596,20.0,69665.471582892
S6_UPRISK,real_0054,29.620968762551726,1.4020966102246675,23.0,53801.70187773208
S6_UPRISK,real_0057,35.995393646849855,14.53693001411894,13.0,88797.12699023301
S6_UPRISK,real_0059,32.506074988444,1.7016748888793387,31.0,45922.063577407025
S6_UPRISK,real_0062,22.939944252823352,2.3284914148293083,25.0,39524.853656249856
S6_UPRISK,real_0063,30.348169258261475,4.95149900216699,20.0,61955.36184877546
S6_UPRISK,real_0064,24.18091414615755,4.3854518501816955,20.0,49597.8126693067
S6_UPRISK,real_0065,30.044358626125838,6.54021388010613,14.0,80643.06654008888
S6_UPRISK,real_0066,24.531665692501587,2.776120278993389,20.0,45799.94138914735
S6_UPRISK,real_0067,34.302485213672576,6.185800393526421,22.0,73421.28435271207
S6_UPRISK,real_0068,18.399821190016876,1.3067820345543808,23.0,34281.86676020918
S6_UPRISK,real_0069,34.49988487292322,16.385339076135118,14.0,98117.64336150704
S6_UPRISK,real_0070,23.364860164081705,1.8440217829687953,20.0,55136.89048080365
S6_UPRISK,real_0071,42.05501507207334,6.140286781811746,29.0,56481.93651344093
S6_UPRISK,real_0072,44.729007071219485,4.980936726641119,35.0,51456.75121657333
S6_UPRISK,real_0073,23.74385901528075,6.631128024221297,18.0,57573.14253714906
S6_UPRISK,real_0074,35.03659336023973,12.191240254751076,18.0,77317.49536251191
S6_UPRISK,real_0075,32.13152108917653,4.7594506061813675,20.0,65791.45110223434
S6_UPRISK,real_0076,31.144233856538484,1.4553354292824494,30.0,44430.180413841
S6_UPRISK,real_0080,31.113966873015023,3.8257961044360655,26.0,51210.688817077855
S6_UPRISK,real_0084,34.61361150203604,1.3930508894440905,30.0,45573.52559914572
S6_UPRISK,real_0086,24.581779535113345,1.0360251295115077,51.0,28989.086270177242
S6_UPRISK,real_0090,26.457037670552516,2.931621688238245,19.0,56811.417844849384
S6_UPRISK,real_0091,30.08787588311638,2.9559157805327487,22.0,51696.49184261526
S6_UPRISK,real_0093,26.391213691175743,2.6410018467078444,23.0,54792.244604482046
S6_UPRISK,real_0094,42.816128964396,25.480201903125938,18.0,76864.20978112477
S6_UPRISK,real_0095,38.345902875554415,11.673537978645225,21.0,70199.25784886081
S6_UPRISK,real_0096,36.89630078830954,1.937183382588124,47.0,34404.09839948908
S6_UPRISK,real_0099,23.61239210720054,3.784827482234384,21.0,53957.766582099684
