scenario,source_type,source_name,forecast,n,spearman_rho,abs_rho,p_value
S0_BASE,conditioning observation,h_compliance_020y,fcst_max_compliance_dd,58,-0.618567166015565,0.618567166015565,2.283095488592845e-07
S0_BASE,conditioning observation,h_compliance_120y,fcst_max_compliance_dd,58,0.6166600018456428,0.6166600018456428,2.547243561228359e-07
S0_BASE,conditioning observation,h_receptor_005y,fcst_max_compliance_dd,58,0.3411055400043065,0.3411055400043065,0.0087844537316817
S0_BASE,conditioning observation,h_receptor_020y,fcst_max_receptor_dd,58,-0.9605647666799964,0.9605647666799964,8.207151377301483e-33
S0_BASE,conditioning observation,h_receptor_120y,fcst_max_receptor_dd,58,0.7446860869297733,0.7446860869297733,2.0619476753074623e-11
S0_BASE,conditioning observation,h_receptor_010y,fcst_max_receptor_dd,58,-0.6893783260020303,0.6893783260020303,2.179580557642152e-09
S0_BASE,conditioning observation,h_compliance_120y,fcst_recovery_years,58,0.4749350693085161,0.4749350693085161,0.0001652313555904
S0_BASE,conditioning observation,h_receptor_120y,fcst_recovery_years,58,0.4668146007990173,0.4668146007990173,0.000220878235682
S0_BASE,conditioning observation,h_receptor_005y,fcst_recovery_years,58,0.4480701201288698,0.4480701201288698,0.0004201711716369
S0_BASE,conditioning observation,q_mineinflow_020y,fcst_stage4_mean_inflow,58,0.9880648435817774,0.9880648435817774,3.452888690321738e-47
S0_BASE,conditioning observation,q_mineinflow_015y,fcst_stage4_mean_inflow,58,0.7496078009166692,0.7496078009166692,1.2856865377344956e-11
S0_BASE,conditioning observation,q_mineinflow_010y,fcst_stage4_mean_inflow,58,0.6411455289304501,0.6411455289304501,5.8969754778895664e-08
S2_CONN,conditioning observation,h_compliance_020y,fcst_max_compliance_dd,38,-0.7544589123536493,0.7544589123536493,4.484085263543852e-08
S2_CONN,conditioning observation,h_compliance_120y,fcst_max_compliance_dd,38,0.5561877667140824,0.5561877667140824,0.0002881233657842
S2_CONN,conditioning observation,h_compliance_050y,fcst_max_compliance_dd,38,0.3988401356822409,0.3988401356822409,0.0131243648337062
S2_CONN,conditioning observation,h_receptor_020y,fcst_max_receptor_dd,38,-0.9638910165225952,0.9638910165225952,2.812319898443676e-22
S2_CONN,conditioning observation,h_receptor_010y,fcst_max_receptor_dd,38,-0.7102527628843418,0.7102527628843418,5.890890746395278e-07
S2_CONN,conditioning observation,h_receptor_120y,fcst_max_receptor_dd,38,0.6758945179997812,0.6758945179997812,3.2135374983227285e-06
S2_CONN,conditioning observation,q_mineinflow_020y,fcst_recovery_years,38,-0.5692992609156321,0.5692992609156321,0.0001914131434115
S2_CONN,conditioning observation,q_mineinflow_015y,fcst_recovery_years,38,-0.5000803946784694,0.5000803946784694,0.0013885219752661
S2_CONN,conditioning observation,h_compliance_050y,fcst_recovery_years,38,-0.4399601814075893,0.4399601814075893,0.0057092124679519
S2_CONN,conditioning observation,q_mineinflow_020y,fcst_stage4_mean_inflow,38,0.9962796804902068,0.9962796804902068,6.262327616075515e-40
S2_CONN,conditioning observation,q_mineinflow_015y,fcst_stage4_mean_inflow,38,0.9680490206805996,0.9680490206805996,3.217168001481502e-23
S2_CONN,conditioning observation,q_mineinflow_010y,fcst_stage4_mean_inflow,38,0.8754787175839808,0.8754787175839808,6.390161438756885e-13
S3_BUFF,conditioning observation,h_compliance_020y,fcst_max_compliance_dd,89,-0.9648110316649644,0.9648110316649644,2.980348445676967e-52
S3_BUFF,conditioning observation,h_compliance_015y,fcst_max_compliance_dd,89,-0.8743275451140621,0.8743275451140621,4.715092370227166e-29
S3_BUFF,conditioning observation,h_compliance_010y,fcst_max_compliance_dd,89,-0.7763193735103849,0.7763193735103849,3.9877778471465193e-19
S3_BUFF,conditioning observation,h_receptor_020y,fcst_max_receptor_dd,89,-0.995624787197821,0.995624787197821,2.3425555311428412e-91
S3_BUFF,conditioning observation,h_receptor_010y,fcst_max_receptor_dd,89,-0.9220633299284986,0.9220633299284986,1.25887042859453e-37
S3_BUFF,conditioning observation,h_landholder_020y,fcst_max_receptor_dd,89,-0.9020599250936332,0.9020599250936332,1.6889553040344646e-33
S3_BUFF,conditioning observation,h_compliance_050y,fcst_recovery_years,89,-0.7887513923786265,0.7887513923786265,4.4211296446709776e-20
S3_BUFF,conditioning observation,h_compliance_025y,fcst_recovery_years,89,-0.7661962661104571,0.7661962661104571,2.160012784720903e-18
S3_BUFF,conditioning observation,q_mineinflow_020y,fcst_recovery_years,89,-0.6327365197367762,0.6327365197367762,2.8910890378941022e-11
S3_BUFF,conditioning observation,q_mineinflow_020y,fcst_stage4_mean_inflow,89,0.9961014640789922,0.9961014640789922,1.565854190942145e-93
S3_BUFF,conditioning observation,q_mineinflow_015y,fcst_stage4_mean_inflow,89,0.9513449097718762,0.9513449097718762,2.9627504276472063e-46
S3_BUFF,conditioning observation,q_mineinflow_010y,fcst_stage4_mean_inflow,89,0.9193735103847466,0.9193735103847466,5.197228728562774e-37
S6_UPRISK,conditioning observation,h_compliance_020y,fcst_max_compliance_dd,42,-0.8337249817680902,0.8337249817680902,7.177424109428959e-12
S6_UPRISK,conditioning observation,h_compliance_015y,fcst_max_compliance_dd,42,-0.5792885503605867,0.5792885503605867,5.829748297410715e-05
S6_UPRISK,conditioning observation,h_compliance_010y,fcst_max_compliance_dd,42,-0.4686005996272587,0.4686005996272587,0.0017483169656539
S6_UPRISK,conditioning observation,h_receptor_020y,fcst_max_receptor_dd,42,-0.9907624989871162,0.9907624989871162,2.4746394766597198e-36
S6_UPRISK,conditioning observation,h_landholder_020y,fcst_max_receptor_dd,42,-0.5465521432622965,0.5465521432622965,0.0001806059571078
S6_UPRISK,conditioning observation,h_receptor_050y,fcst_max_receptor_dd,42,0.2990843529697756,0.2990843529697756,0.0543430379853988
S6_UPRISK,conditioning observation,q_mineinflow_020y,fcst_recovery_years,42,-0.4499736854490365,0.4499736854490365,0.0027907302122304
S6_UPRISK,conditioning observation,q_mineinflow_015y,fcst_recovery_years,42,-0.419767313915049,0.419767313915049,0.0056502837824949
S6_UPRISK,conditioning observation,h_compliance_025y,fcst_recovery_years,42,-0.3223981721546538,0.3223981721546538,0.0373163183344432
S6_UPRISK,conditioning observation,q_mineinflow_020y,fcst_stage4_mean_inflow,42,0.996110525889312,0.996110525889312,7.967406986654938e-44
S6_UPRISK,conditioning observation,q_mineinflow_015y,fcst_stage4_mean_inflow,42,0.9466817923993194,0.9466817923993194,2.7810724150755884e-21
S6_UPRISK,conditioning observation,q_mineinflow_010y,fcst_stage4_mean_inflow,42,0.8471760797342194,0.8471760797342194,1.5143780704959965e-12
