run_id,stage,obs_name,time_days_stage,time_years_total,head_m
stage_c_forward,predevelopment,compliance,1.0,0.0027378507871321013,44.78979494723326
stage_c_forward,ops_stage_1,compliance,365.25,1.0,42.86229960942586
stage_c_forward,ops_stage_1,compliance,730.5,2.0,41.785696967818915
stage_c_forward,ops_stage_1,compliance,1095.75,3.0,41.175843623305624
stage_c_forward,ops_stage_1,compliance,1461.0,4.0,40.7897111437652
stage_c_forward,ops_stage_1,compliance,1826.25,5.0,40.51914943606465
stage_c_forward,ops_stage_2,compliance,365.25,6.0,36.05469718026039
stage_c_forward,ops_stage_2,compliance,730.5,7.0,33.74602515774904
stage_c_forward,ops_stage_2,compliance,1095.75,8.0,32.48317969656172
stage_c_forward,ops_stage_2,compliance,1461.0,9.0,31.67870090357124
stage_c_forward,ops_stage_2,compliance,1826.25,10.0,31.102663244891712
stage_c_forward,ops_stage_3,compliance,365.25,11.0,27.70813012803131
stage_c_forward,ops_stage_3,compliance,730.5,12.0,25.940742369676098
stage_c_forward,ops_stage_3,compliance,1095.75,13.0,24.922182771852892
stage_c_forward,ops_stage_3,compliance,1461.0,14.0,24.23727372524467
stage_c_forward,ops_stage_3,compliance,1826.25,15.0,23.727962458706454
stage_c_forward,ops_stage_4,compliance,365.25,16.0,23.66701542098461
stage_c_forward,ops_stage_4,compliance,730.5,17.0,23.500764983874276
stage_c_forward,ops_stage_4,compliance,1095.75,18.0,23.305786134282805
stage_c_forward,ops_stage_4,compliance,1461.0,19.0,23.121300314567705
stage_c_forward,ops_stage_4,compliance,1826.25,20.0,22.957962711072884
stage_c_forward,recovery,compliance,365.25,21.0,26.403177336066197
stage_c_forward,recovery,compliance,730.5,22.0,29.625336806326448
stage_c_forward,recovery,compliance,1095.75,23.0,32.020386938283934
stage_c_forward,recovery,compliance,1461.0,24.0,33.85866442101669
stage_c_forward,recovery,compliance,1826.25,25.0,35.31943177327383
stage_c_forward,recovery,compliance,2191.5,26.0,36.517603720437336
stage_c_forward,recovery,compliance,2556.75,27.0,37.5240925322806
stage_c_forward,recovery,compliance,2922.0,28.0,38.38230979120223
stage_c_forward,recovery,compliance,3287.25,29.0,39.119959702183515
stage_c_forward,recovery,compliance,3652.5,30.0,39.75405481236669
stage_c_forward,recovery,compliance,4017.75,31.0,40.27709873205348
stage_c_forward,recovery,compliance,4383.0,32.0,40.72160206789241
stage_c_forward,recovery,compliance,4748.25,33.0,41.12250825977747
stage_c_forward,recovery,compliance,5113.5,34.0,41.484096616940775
stage_c_forward,recovery,compliance,5478.75,35.0,41.80980749617275
stage_c_forward,recovery,compliance,5844.0,36.0,42.10301618112712
stage_c_forward,recovery,compliance,6209.25,37.0,42.366811167319895
stage_c_forward,recovery,compliance,6574.5,38.0,42.60402359733967
stage_c_forward,recovery,compliance,6939.75,39.0,42.81723445134883
stage_c_forward,recovery,compliance,7305.0,40.0,43.00878849477889
stage_c_forward,recovery,compliance,7670.25,41.0,43.180841598337786
stage_c_forward,recovery,compliance,8035.5,42.0,43.335338015133686
stage_c_forward,recovery,compliance,8400.75,43.0,43.47401573921463
stage_c_forward,recovery,compliance,8766.0,44.0,43.59847367000542
stage_c_forward,recovery,compliance,9131.25,45.0,43.71014044586674
stage_c_forward,recovery,compliance,9496.5,46.0,43.81033170572105
stage_c_forward,recovery,compliance,9861.75,47.0,43.90020821348866
stage_c_forward,recovery,compliance,10227.0,48.0,43.980829484237105
stage_c_forward,recovery,compliance,10592.25,49.0,44.05311644241934
stage_c_forward,recovery,compliance,10957.5,50.0,44.11794110991755
stage_c_forward,recovery,compliance,11322.75,51.0,44.17606322489538
stage_c_forward,recovery,compliance,11688.0,52.0,44.22819094114163
stage_c_forward,recovery,compliance,12053.25,53.0,44.27489508868316
stage_c_forward,recovery,compliance,12418.5,54.0,44.3167776135956
stage_c_forward,recovery,compliance,12783.75,55.0,44.35433441893695
stage_c_forward,recovery,compliance,13149.0,56.0,44.388005387326665
stage_c_forward,recovery,compliance,13514.25,57.0,44.41819962483457
stage_c_forward,recovery,compliance,13879.5,58.0,44.44525528234203
stage_c_forward,recovery,compliance,14244.75,59.0,44.4695062943806
stage_c_forward,recovery,compliance,14610.0,60.0,44.49125137736033
stage_c_forward,recovery,compliance,14975.25,61.0,44.51073917120746
stage_c_forward,recovery,compliance,15340.5,62.0,44.528203919411254
stage_c_forward,recovery,compliance,15705.75,63.0,44.54387242495005
stage_c_forward,recovery,compliance,16071.0,64.0,44.55790997261017
stage_c_forward,recovery,compliance,16436.25,65.0,44.570482792651084
stage_c_forward,recovery,compliance,16801.5,66.0,44.58176413118297
stage_c_forward,recovery,compliance,17166.75,67.0,44.59187015181637
stage_c_forward,recovery,compliance,17532.0,68.0,44.60092777740442
stage_c_forward,recovery,compliance,17897.25,69.0,44.60904704548478
stage_c_forward,recovery,compliance,18262.5,70.0,44.61632850418053
stage_c_forward,recovery,compliance,18627.75,71.0,44.622845347351685
stage_c_forward,recovery,compliance,18993.0,72.0,44.62869311417036
stage_c_forward,recovery,compliance,19358.25,73.0,44.633937456721284
stage_c_forward,recovery,compliance,19723.5,74.0,44.63863710450769
stage_c_forward,recovery,compliance,20088.75,75.0,44.64284844554302
stage_c_forward,recovery,compliance,20454.0,76.0,44.646622174895974
stage_c_forward,recovery,compliance,20819.25,77.0,44.649998769334935
stage_c_forward,recovery,compliance,21184.5,78.0,44.653031293589656
stage_c_forward,recovery,compliance,21549.75,79.0,44.65574423655935
stage_c_forward,recovery,compliance,21915.0,80.0,44.65817847447578
stage_c_forward,recovery,compliance,22280.25,81.0,44.660362984064875
stage_c_forward,recovery,compliance,22645.5,82.0,44.66231655031433
stage_c_forward,recovery,compliance,23010.75,83.0,44.66407440315401
stage_c_forward,recovery,compliance,23376.0,84.0,44.665644726354834
stage_c_forward,recovery,compliance,23741.25,85.0,44.66705198198863
stage_c_forward,recovery,compliance,24106.5,86.0,44.66831232747862
stage_c_forward,recovery,compliance,24471.75,87.0,44.66944422451643
stage_c_forward,recovery,compliance,24837.0,88.0,44.6704576954478
stage_c_forward,recovery,compliance,25202.25,89.0,44.67136689699973
stage_c_forward,recovery,compliance,25567.5,90.0,44.67218045082055
stage_c_forward,recovery,compliance,25932.75,91.0,44.67290678728601
stage_c_forward,recovery,compliance,26298.0,92.0,44.67356225932494
stage_c_forward,recovery,compliance,26663.25,93.0,44.67414897277223
stage_c_forward,recovery,compliance,27028.5,94.0,44.674674421970366
stage_c_forward,recovery,compliance,27393.75,95.0,44.675142538248906
stage_c_forward,recovery,compliance,27759.0,96.0,44.67556710608381
stage_c_forward,recovery,compliance,28124.25,97.0,44.67594449303394
stage_c_forward,recovery,compliance,28489.5,98.0,44.676274711716026
stage_c_forward,recovery,compliance,28854.75,99.0,44.67658653023937
stage_c_forward,recovery,compliance,29220.0,100.0,44.67685881257044
stage_c_forward,recovery,compliance,29585.25,101.0,44.67709824879954
stage_c_forward,recovery,compliance,29950.5,102.0,44.677319762201215
stage_c_forward,recovery,compliance,30315.75,103.0,44.67751908225203
stage_c_forward,recovery,compliance,30681.0,104.0,44.677696354406926
stage_c_forward,recovery,compliance,31046.25,105.0,44.67785385892888
stage_c_forward,recovery,compliance,31411.5,106.0,44.67799258096445
stage_c_forward,recovery,compliance,31776.75,107.0,44.6781210727579
stage_c_forward,recovery,compliance,32142.0,108.0,44.6782340577726
stage_c_forward,recovery,compliance,32507.25,109.0,44.67833413416095
stage_c_forward,recovery,compliance,32872.5,110.0,44.67842500704087
stage_c_forward,recovery,compliance,33237.75,111.0,44.67850588280343
stage_c_forward,recovery,compliance,33603.0,112.0,44.678579337516254
stage_c_forward,recovery,compliance,33968.25,113.0,44.67864466820995
stage_c_forward,recovery,compliance,34333.5,114.0,44.678704141025
stage_c_forward,recovery,compliance,34698.75,115.0,44.6787429353265
stage_c_forward,recovery,compliance,35064.0,116.0,44.67880232336346
stage_c_forward,recovery,compliance,35429.25,117.0,44.67885373909218
stage_c_forward,recovery,compliance,35794.5,118.0,44.678868664523996
stage_c_forward,recovery,compliance,36159.75,119.0,44.67890933519281
stage_c_forward,recovery,compliance,36525.0,120.0,44.67897009688338
stage_c_forward,predevelopment,landholder,1.0,0.0027378507871321013,41.74014743980878
stage_c_forward,ops_stage_1,landholder,365.25,1.0,41.71619822633754
stage_c_forward,ops_stage_1,landholder,730.5,2.0,41.67785411854435
stage_c_forward,ops_stage_1,landholder,1095.75,3.0,41.635946216051394
stage_c_forward,ops_stage_1,landholder,1461.0,4.0,41.59582973666272
stage_c_forward,ops_stage_1,landholder,1826.25,5.0,41.55935882211258
stage_c_forward,ops_stage_2,landholder,365.25,6.0,41.47704498065175
stage_c_forward,ops_stage_2,landholder,730.5,7.0,41.37147321140739
stage_c_forward,ops_stage_2,landholder,1095.75,8.0,41.26517000463372
stage_c_forward,ops_stage_2,landholder,1461.0,9.0,41.167198128926266
stage_c_forward,ops_stage_2,landholder,1826.25,10.0,41.07926942070728
stage_c_forward,ops_stage_3,landholder,365.25,11.0,40.967910699325415
stage_c_forward,ops_stage_3,landholder,730.5,12.0,40.84959753272071
stage_c_forward,ops_stage_3,landholder,1095.75,13.0,40.73945075134502
stage_c_forward,ops_stage_3,landholder,1461.0,14.0,40.64248035223974
stage_c_forward,ops_stage_3,landholder,1826.25,15.0,40.55929852539195
stage_c_forward,ops_stage_4,landholder,365.25,16.0,40.4927592308791
stage_c_forward,ops_stage_4,landholder,730.5,17.0,40.439061122146036
stage_c_forward,ops_stage_4,landholder,1095.75,18.0,40.39433291862706
stage_c_forward,ops_stage_4,landholder,1461.0,19.0,40.356670987689924
stage_c_forward,ops_stage_4,landholder,1826.25,20.0,40.324954694536814
stage_c_forward,recovery,landholder,365.25,21.0,40.34295907658056
stage_c_forward,recovery,landholder,730.5,22.0,40.405472339466634
stage_c_forward,recovery,landholder,1095.75,23.0,40.49158044375348
stage_c_forward,recovery,landholder,1461.0,24.0,40.586532117065076
stage_c_forward,recovery,landholder,1826.25,25.0,40.68388123349882
stage_c_forward,recovery,landholder,2191.5,26.0,40.779728484785934
stage_c_forward,recovery,landholder,2556.75,27.0,40.87154699371796
stage_c_forward,recovery,landholder,2922.0,28.0,40.95775353009282
stage_c_forward,recovery,landholder,3287.25,29.0,41.03735770026455
stage_c_forward,recovery,landholder,3652.5,30.0,41.1097298230114
stage_c_forward,recovery,landholder,4017.75,31.0,41.174089355550166
stage_c_forward,recovery,landholder,4383.0,32.0,41.23010902602556
stage_c_forward,recovery,landholder,4748.25,33.0,41.27929978846409
stage_c_forward,recovery,landholder,5113.5,34.0,41.32332590554385
stage_c_forward,recovery,landholder,5478.75,35.0,41.36318781481228
stage_c_forward,recovery,landholder,5844.0,36.0,41.39943849914254
stage_c_forward,recovery,landholder,6209.25,37.0,41.432431968723066
stage_c_forward,recovery,landholder,6574.5,38.0,41.4624210846778
stage_c_forward,recovery,landholder,6939.75,39.0,41.48962107138564
stage_c_forward,recovery,landholder,7305.0,40.0,41.514251994084674
stage_c_forward,recovery,landholder,7670.25,41.0,41.53652889354351
stage_c_forward,recovery,landholder,8035.5,42.0,41.556637315864336
stage_c_forward,recovery,landholder,8400.75,43.0,41.574768762451555
stage_c_forward,recovery,landholder,8766.0,44.0,41.5911015663038
stage_c_forward,recovery,landholder,9131.25,45.0,41.605801248953235
stage_c_forward,recovery,landholder,9496.5,46.0,41.61901955529602
stage_c_forward,recovery,landholder,9861.75,47.0,41.63090224923577
stage_c_forward,recovery,landholder,10227.0,48.0,41.64157880252901
stage_c_forward,recovery,landholder,10592.25,49.0,41.65116846777448
stage_c_forward,recovery,landholder,10957.5,50.0,41.65977575158556
stage_c_forward,recovery,landholder,11322.75,51.0,41.66750316634868
stage_c_forward,recovery,landholder,11688.0,52.0,41.67443344381396
stage_c_forward,recovery,landholder,12053.25,53.0,41.68065983071987
stage_c_forward,recovery,landholder,12418.5,54.0,41.686244555834
stage_c_forward,recovery,landholder,12783.75,55.0,41.691251917815045
stage_c_forward,recovery,landholder,13149.0,56.0,41.69574218689268
stage_c_forward,recovery,landholder,13514.25,57.0,41.69976557989498
stage_c_forward,recovery,landholder,13879.5,58.0,41.70337587176181
stage_c_forward,recovery,landholder,14244.75,59.0,41.706614189863316
stage_c_forward,recovery,landholder,14610.0,60.0,41.70951658801293
stage_c_forward,recovery,landholder,14975.25,61.0,41.71211884095043
stage_c_forward,recovery,landholder,15340.5,62.0,41.71445011881513
stage_c_forward,recovery,landholder,15705.75,63.0,41.71653937879257
stage_c_forward,recovery,landholder,16071.0,64.0,41.718413333119635
stage_c_forward,recovery,landholder,16436.25,65.0,41.7200924904062
stage_c_forward,recovery,landholder,16801.5,66.0,41.72159906249163
stage_c_forward,recovery,landholder,17166.75,67.0,41.722949608739846
stage_c_forward,recovery,landholder,17532.0,68.0,41.72416027912269
stage_c_forward,recovery,landholder,17897.25,69.0,41.72524546028577
stage_c_forward,recovery,landholder,18262.5,70.0,41.72621671399136
stage_c_forward,recovery,landholder,18627.75,71.0,41.72708841604722
stage_c_forward,recovery,landholder,18993.0,72.0,41.727870198408226
stage_c_forward,recovery,landholder,19358.25,73.0,41.728569809676046
stage_c_forward,recovery,landholder,19723.5,74.0,41.729196704745924
stage_c_forward,recovery,landholder,20088.75,75.0,41.729758605085564
stage_c_forward,recovery,landholder,20454.0,76.0,41.73026212519092
stage_c_forward,recovery,landholder,20819.25,77.0,41.730713525741834
stage_c_forward,recovery,landholder,21184.5,78.0,41.73111712841803
stage_c_forward,recovery,landholder,21549.75,79.0,41.73148091248807
stage_c_forward,recovery,landholder,21915.0,80.0,41.73180611893809
stage_c_forward,recovery,landholder,22280.25,81.0,41.73209797114412
stage_c_forward,recovery,landholder,22645.5,82.0,41.732358454289475
stage_c_forward,recovery,landholder,23010.75,83.0,41.732592686202146
stage_c_forward,recovery,landholder,23376.0,84.0,41.7328028799289
stage_c_forward,recovery,landholder,23741.25,85.0,41.732991383930845
stage_c_forward,recovery,landholder,24106.5,86.0,41.73315896885075
stage_c_forward,recovery,landholder,24471.75,87.0,41.73331124943067
stage_c_forward,recovery,landholder,24837.0,88.0,41.7334471756098
stage_c_forward,recovery,landholder,25202.25,89.0,41.73356876139459
stage_c_forward,recovery,landholder,25567.5,90.0,41.733676136131436
stage_c_forward,recovery,landholder,25932.75,91.0,41.733774370179624
stage_c_forward,recovery,landholder,26298.0,92.0,41.73386111726944
stage_c_forward,recovery,landholder,26663.25,93.0,41.73393950711929
stage_c_forward,recovery,landholder,27028.5,94.0,41.734009738967345
stage_c_forward,recovery,landholder,27393.75,95.0,41.73407232936241
stage_c_forward,recovery,landholder,27759.0,96.0,41.73412878527121
stage_c_forward,recovery,landholder,28124.25,97.0,41.73417980866898
stage_c_forward,recovery,landholder,28489.5,98.0,41.7342240122126
stage_c_forward,recovery,landholder,28854.75,99.0,41.73426375841792
stage_c_forward,recovery,landholder,29220.0,100.0,41.734301199342035
stage_c_forward,recovery,landholder,29585.25,101.0,41.73433303176198
stage_c_forward,recovery,landholder,29950.5,102.0,41.73436325426731
stage_c_forward,recovery,landholder,30315.75,103.0,41.73439016728296
stage_c_forward,recovery,landholder,30681.0,104.0,41.734413961914434
stage_c_forward,recovery,landholder,31046.25,105.0,41.734435235238436
stage_c_forward,recovery,landholder,31411.5,106.0,41.73445346258369
stage_c_forward,recovery,landholder,31776.75,107.0,41.734470737711305
stage_c_forward,recovery,landholder,32142.0,108.0,41.734485867546105
stage_c_forward,recovery,landholder,32507.25,109.0,41.73449933093287
stage_c_forward,recovery,landholder,32872.5,110.0,41.734511895024546
stage_c_forward,recovery,landholder,33237.75,111.0,41.73452279194974
stage_c_forward,recovery,landholder,33603.0,112.0,41.73453299003852
stage_c_forward,recovery,landholder,33968.25,113.0,41.73454182373037
stage_c_forward,recovery,landholder,34333.5,114.0,41.73455007425256
stage_c_forward,recovery,landholder,34698.75,115.0,41.734557971023364
stage_c_forward,recovery,landholder,35064.0,116.0,41.73456482704108
stage_c_forward,recovery,landholder,35429.25,117.0,41.73457200364237
stage_c_forward,recovery,landholder,35794.5,118.0,41.73457394954972
stage_c_forward,recovery,landholder,36159.75,119.0,41.7345792101401
stage_c_forward,recovery,landholder,36525.0,120.0,41.734587160427225
stage_c_forward,predevelopment,pit_margin,1.0,0.0027378507871321013,46.15840451841159
stage_c_forward,ops_stage_1,pit_margin,365.25,1.0,39.141413511968196
stage_c_forward,ops_stage_1,pit_margin,730.5,2.0,38.12842239920703
stage_c_forward,ops_stage_1,pit_margin,1095.75,3.0,37.74744883037265
stage_c_forward,ops_stage_1,pit_margin,1461.0,4.0,37.53530234769363
stage_c_forward,ops_stage_1,pit_margin,1826.25,5.0,37.393429669825316
stage_c_forward,ops_stage_2,pit_margin,365.25,6.0,21.122563824588045
stage_c_forward,ops_stage_2,pit_margin,730.5,7.0,19.18529468817281
stage_c_forward,ops_stage_2,pit_margin,1095.75,8.0,18.471228384868883
stage_c_forward,ops_stage_2,pit_margin,1461.0,9.0,18.058208729609337
stage_c_forward,ops_stage_2,pit_margin,1826.25,10.0,17.771911797098262
stage_c_forward,ops_stage_3,pit_margin,365.25,11.0,2.8798790344466756
stage_c_forward,ops_stage_3,pit_margin,730.5,12.0,0.9918451052183974
stage_c_forward,ops_stage_3,pit_margin,1095.75,13.0,0.25963039016049755
stage_c_forward,ops_stage_3,pit_margin,1461.0,14.0,-0.18939783105580893
stage_c_forward,ops_stage_3,pit_margin,1826.25,15.0,-0.5124582482288896
stage_c_forward,ops_stage_4,pit_margin,365.25,16.0,1.9228514689388685
stage_c_forward,ops_stage_4,pit_margin,730.5,17.0,1.9604503714289148
stage_c_forward,ops_stage_4,pit_margin,1095.75,18.0,1.8265340738200873
stage_c_forward,ops_stage_4,pit_margin,1461.0,19.0,1.6858519840174493
stage_c_forward,ops_stage_4,pit_margin,1826.25,20.0,1.5570723757498095
stage_c_forward,recovery,pit_margin,365.25,21.0,18.48229134347431
stage_c_forward,recovery,pit_margin,730.5,22.0,25.796518372937488
stage_c_forward,recovery,pit_margin,1095.75,23.0,29.64497385677987
stage_c_forward,recovery,pit_margin,1461.0,24.0,32.304090053140435
stage_c_forward,recovery,pit_margin,1826.25,25.0,34.29486023013249
stage_c_forward,recovery,pit_margin,2191.5,26.0,35.866948054314385
stage_c_forward,recovery,pit_margin,2556.75,27.0,37.15294964452359
stage_c_forward,recovery,pit_margin,2922.0,28.0,38.22755992152473
stage_c_forward,recovery,pit_margin,3287.25,29.0,39.13660092675215
stage_c_forward,recovery,pit_margin,3652.5,30.0,39.90743200062856
stage_c_forward,recovery,pit_margin,4017.75,31.0,40.541737239878216
stage_c_forward,recovery,pit_margin,4383.0,32.0,41.09362596260503
stage_c_forward,recovery,pit_margin,4748.25,33.0,41.5883934445542
stage_c_forward,recovery,pit_margin,5113.5,34.0,42.032039465499984
stage_c_forward,recovery,pit_margin,5478.75,35.0,42.42967128916854
stage_c_forward,recovery,pit_margin,5844.0,36.0,42.78607383434164
stage_c_forward,recovery,pit_margin,6209.25,37.0,43.10556848701344
stage_c_forward,recovery,pit_margin,6574.5,38.0,43.39200344681444
stage_c_forward,recovery,pit_margin,6939.75,39.0,43.648820512056524
stage_c_forward,recovery,pit_margin,7305.0,40.0,43.87908868091941
stage_c_forward,recovery,pit_margin,7670.25,41.0,44.08557323346094
stage_c_forward,recovery,pit_margin,8035.5,42.0,44.2707298733227
stage_c_forward,recovery,pit_margin,8400.75,43.0,44.43675009323487
stage_c_forward,recovery,pit_margin,8766.0,44.0,44.585615419596465
stage_c_forward,recovery,pit_margin,9131.25,45.0,44.71908693810262
stage_c_forward,recovery,pit_margin,9496.5,46.0,44.83876686962075
stage_c_forward,recovery,pit_margin,9861.75,47.0,44.94607293937774
stage_c_forward,recovery,pit_margin,10227.0,48.0,45.04228486834711
stage_c_forward,recovery,pit_margin,10592.25,49.0,45.128532579531004
stage_c_forward,recovery,pit_margin,10957.5,50.0,45.20585752903229
stage_c_forward,recovery,pit_margin,11322.75,51.0,45.27517171576715
stage_c_forward,recovery,pit_margin,11688.0,52.0,45.337325291276755
stage_c_forward,recovery,pit_margin,12053.25,53.0,45.39301009667951
stage_c_forward,recovery,pit_margin,12418.5,54.0,45.442933387117925
stage_c_forward,recovery,pit_margin,12783.75,55.0,45.487694564991244
stage_c_forward,recovery,pit_margin,13149.0,56.0,45.52782070829171
stage_c_forward,recovery,pit_margin,13514.25,57.0,45.5638021709971
stage_c_forward,recovery,pit_margin,13879.5,58.0,45.59603906256177
stage_c_forward,recovery,pit_margin,14244.75,59.0,45.62493832033177
stage_c_forward,recovery,pit_margin,14610.0,60.0,45.65084644429915
stage_c_forward,recovery,pit_margin,14975.25,61.0,45.67406645624405
stage_c_forward,recovery,pit_margin,15340.5,62.0,45.69487693450486
stage_c_forward,recovery,pit_margin,15705.75,63.0,45.71354421711132
stage_c_forward,recovery,pit_margin,16071.0,64.0,45.7302692577123
stage_c_forward,recovery,pit_margin,16436.25,65.0,45.74525265711277
stage_c_forward,recovery,pit_margin,16801.5,66.0,45.758690701492995
stage_c_forward,recovery,pit_margin,17166.75,67.0,45.770731333692964
stage_c_forward,recovery,pit_margin,17532.0,68.0,45.7815225984859
stage_c_forward,recovery,pit_margin,17897.25,69.0,45.7911948584449
stage_c_forward,recovery,pit_margin,18262.5,70.0,45.799870668447944
stage_c_forward,recovery,pit_margin,18627.75,71.0,45.80763683764557
stage_c_forward,recovery,pit_margin,18993.0,72.0,45.81460206767649
stage_c_forward,recovery,pit_margin,19358.25,73.0,45.820849706467655
stage_c_forward,recovery,pit_margin,19723.5,74.0,45.82644902853353
stage_c_forward,recovery,pit_margin,20088.75,75.0,45.83146656585021
stage_c_forward,recovery,pit_margin,20454.0,76.0,45.835963387941895
stage_c_forward,recovery,pit_margin,20819.25,77.0,45.83998884391365
stage_c_forward,recovery,pit_margin,21184.5,78.0,45.843601482572986
stage_c_forward,recovery,pit_margin,21549.75,79.0,45.84683443621599
stage_c_forward,recovery,pit_margin,21915.0,80.0,45.84973487948628
stage_c_forward,recovery,pit_margin,22280.25,81.0,45.85233539125576
stage_c_forward,recovery,pit_margin,22645.5,82.0,45.85466616873936
stage_c_forward,recovery,pit_margin,23010.75,83.0,45.85675809934896
stage_c_forward,recovery,pit_margin,23376.0,84.0,45.858627559905
stage_c_forward,recovery,pit_margin,23741.25,85.0,45.86030454934662
stage_c_forward,recovery,pit_margin,24106.5,86.0,45.861807866125794
stage_c_forward,recovery,pit_margin,24471.75,87.0,45.86315304773624
stage_c_forward,recovery,pit_margin,24837.0,88.0,45.864361374585386
stage_c_forward,recovery,pit_margin,25202.25,89.0,45.86544535628513
stage_c_forward,recovery,pit_margin,25567.5,90.0,45.86641254398606
stage_c_forward,recovery,pit_margin,25932.75,91.0,45.86727983038537
stage_c_forward,recovery,pit_margin,26298.0,92.0,45.868062251459754
stage_c_forward,recovery,pit_margin,26663.25,93.0,45.86876055060566
stage_c_forward,recovery,pit_margin,27028.5,94.0,45.86938610834378
stage_c_forward,recovery,pit_margin,27393.75,95.0,45.869946400012935
stage_c_forward,recovery,pit_margin,27759.0,96.0,45.870450928402406
stage_c_forward,recovery,pit_margin,28124.25,97.0,45.8709008229854
stage_c_forward,recovery,pit_margin,28489.5,98.0,45.87129427233432
stage_c_forward,recovery,pit_margin,28854.75,99.0,45.87166316289548
stage_c_forward,recovery,pit_margin,29220.0,100.0,45.87198885791489
stage_c_forward,recovery,pit_margin,29585.25,101.0,45.87227392383733
stage_c_forward,recovery,pit_margin,29950.5,102.0,45.8725394558376
stage_c_forward,recovery,pit_margin,30315.75,103.0,45.87277557292777
stage_c_forward,recovery,pit_margin,30681.0,104.0,45.872985459444116
stage_c_forward,recovery,pit_margin,31046.25,105.0,45.873172942883734
stage_c_forward,recovery,pit_margin,31411.5,106.0,45.87333780688323
stage_c_forward,recovery,pit_margin,31776.75,107.0,45.873489971563345
stage_c_forward,recovery,pit_margin,32142.0,108.0,45.873623945832776
stage_c_forward,recovery,pit_margin,32507.25,109.0,45.87374272730473
stage_c_forward,recovery,pit_margin,32872.5,110.0,45.87385106238561
stage_c_forward,recovery,pit_margin,33237.75,111.0,45.87394685406343
stage_c_forward,recovery,pit_margin,33603.0,112.0,45.874034394465184
stage_c_forward,recovery,pit_margin,33968.25,113.0,45.874111789949104
stage_c_forward,recovery,pit_margin,34333.5,114.0,45.874182597063204
stage_c_forward,recovery,pit_margin,34698.75,115.0,45.87423511459815
stage_c_forward,recovery,pit_margin,35064.0,116.0,45.87430270704831
stage_c_forward,recovery,pit_margin,35429.25,117.0,45.87436527184692
stage_c_forward,recovery,pit_margin,35794.5,118.0,45.874382809089624
stage_c_forward,recovery,pit_margin,36159.75,119.0,45.87443097659358
stage_c_forward,recovery,pit_margin,36525.0,120.0,45.87450224135069
stage_c_forward,predevelopment,receptor,1.0,0.0027378507871321013,41.69589165168522
stage_c_forward,ops_stage_1,receptor,365.25,1.0,41.668849042996385
stage_c_forward,ops_stage_1,receptor,730.5,2.0,41.632512107077204
stage_c_forward,ops_stage_1,receptor,1095.75,3.0,41.597551141914
stage_c_forward,ops_stage_1,receptor,1461.0,4.0,41.56695705804962
stage_c_forward,ops_stage_1,receptor,1826.25,5.0,41.54078586197962
stage_c_forward,ops_stage_2,receptor,365.25,6.0,41.46153146760283
stage_c_forward,ops_stage_2,receptor,730.5,7.0,41.36908278091211
stage_c_forward,ops_stage_2,receptor,1095.75,8.0,41.285071142855976
stage_c_forward,ops_stage_2,receptor,1461.0,9.0,41.21346495591655
stage_c_forward,ops_stage_2,receptor,1826.25,10.0,41.15269445851215
stage_c_forward,ops_stage_3,receptor,365.25,11.0,41.06317206305118
stage_c_forward,ops_stage_3,receptor,730.5,12.0,40.971368892788064
stage_c_forward,ops_stage_3,receptor,1095.75,13.0,40.890542503059855
stage_c_forward,ops_stage_3,receptor,1461.0,14.0,40.8217445235948
stage_c_forward,ops_stage_3,receptor,1826.25,15.0,40.76399706870658
stage_c_forward,ops_stage_4,receptor,365.25,16.0,40.72039008249735
stage_c_forward,ops_stage_4,receptor,730.5,17.0,40.68563983113785
stage_c_forward,ops_stage_4,receptor,1095.75,18.0,40.6559378004633
stage_c_forward,ops_stage_4,receptor,1461.0,19.0,40.630415887509734
stage_c_forward,ops_stage_4,receptor,1826.25,20.0,40.608713204926104
stage_c_forward,recovery,receptor,365.25,21.0,40.64406511697908
stage_c_forward,recovery,receptor,730.5,22.0,40.7160169660222
stage_c_forward,recovery,receptor,1095.75,23.0,40.79815446922955
stage_c_forward,recovery,receptor,1461.0,24.0,40.878390631110726
stage_c_forward,recovery,receptor,1826.25,25.0,40.95524768920172
stage_c_forward,recovery,receptor,2191.5,26.0,41.02759268364538
stage_c_forward,recovery,receptor,2556.75,27.0,41.094814317171334
stage_c_forward,recovery,receptor,2922.0,28.0,41.15659690738342
stage_c_forward,recovery,receptor,3287.25,29.0,41.21279984021693
stage_c_forward,recovery,receptor,3652.5,30.0,41.263327367385294
stage_c_forward,recovery,receptor,4017.75,31.0,41.30772801080738
stage_c_forward,recovery,receptor,4383.0,32.0,41.346126175370365
stage_c_forward,recovery,receptor,4748.25,33.0,41.37992646008874
stage_c_forward,recovery,receptor,5113.5,34.0,41.410237463502554
stage_c_forward,recovery,receptor,5478.75,35.0,41.437681813271034
stage_c_forward,recovery,receptor,5844.0,36.0,41.46261157147304
stage_c_forward,recovery,receptor,6209.25,37.0,41.48526689850185
stage_c_forward,recovery,receptor,6574.5,38.0,41.50582342836833
stage_c_forward,recovery,receptor,6939.75,39.0,41.52444154750584
stage_c_forward,recovery,receptor,7305.0,40.0,41.541279766264765
stage_c_forward,recovery,receptor,7670.25,41.0,41.556494165879194
stage_c_forward,recovery,receptor,8035.5,42.0,41.57021757160198
stage_c_forward,recovery,receptor,8400.75,43.0,41.58258407225451
stage_c_forward,recovery,receptor,8766.0,44.0,41.59371879342138
stage_c_forward,recovery,receptor,9131.25,45.0,41.60373750134896
stage_c_forward,recovery,receptor,9496.5,46.0,41.61274451203902
stage_c_forward,recovery,receptor,9861.75,47.0,41.62083979540338
stage_c_forward,recovery,receptor,10227.0,48.0,41.628112140804035
stage_c_forward,recovery,receptor,10592.25,49.0,41.63464316214633
stage_c_forward,recovery,receptor,10957.5,50.0,41.64050529148193
stage_c_forward,recovery,receptor,11322.75,51.0,41.64576749529334
stage_c_forward,recovery,receptor,11688.0,52.0,41.65048757443701
stage_c_forward,recovery,receptor,12053.25,53.0,41.65472602189562
stage_c_forward,recovery,receptor,12418.5,54.0,41.6585280977572
stage_c_forward,recovery,receptor,12783.75,55.0,41.661937447922085
stage_c_forward,recovery,receptor,13149.0,56.0,41.664994649568484
stage_c_forward,recovery,receptor,13514.25,57.0,41.667734590998364
stage_c_forward,recovery,receptor,13879.5,58.0,41.670193380555716
stage_c_forward,recovery,receptor,14244.75,59.0,41.672397825430984
stage_c_forward,recovery,receptor,14610.0,60.0,41.674374153450394
stage_c_forward,recovery,receptor,14975.25,61.0,41.6761456113155
stage_c_forward,recovery,receptor,15340.5,62.0,41.67773390428796
stage_c_forward,recovery,receptor,15705.75,63.0,41.679156887046986
stage_c_forward,recovery,receptor,16071.0,64.0,41.680432788988746
stage_c_forward,recovery,receptor,16436.25,65.0,41.681576660416205
stage_c_forward,recovery,receptor,16801.5,66.0,41.682602538092624
stage_c_forward,recovery,receptor,17166.75,67.0,41.68352196709736
stage_c_forward,recovery,receptor,17532.0,68.0,41.68434617506485
stage_c_forward,recovery,receptor,17897.25,69.0,41.68508497766054
stage_c_forward,recovery,receptor,18262.5,70.0,41.685746686171846
stage_c_forward,recovery,receptor,18627.75,71.0,41.686340095533765
stage_c_forward,recovery,receptor,18993.0,72.0,41.68687223763466
stage_c_forward,recovery,receptor,19358.25,73.0,41.68734899102385
stage_c_forward,recovery,receptor,19723.5,74.0,41.68777604311102
stage_c_forward,recovery,receptor,20088.75,75.0,41.68815887395765
stage_c_forward,recovery,receptor,20454.0,76.0,41.68850179522013
stage_c_forward,recovery,receptor,20819.25,77.0,41.68880921443987
stage_c_forward,recovery,receptor,21184.5,78.0,41.68908447145465
stage_c_forward,recovery,receptor,21549.75,79.0,41.68933210854784
stage_c_forward,recovery,receptor,21915.0,80.0,41.68955369373861
stage_c_forward,recovery,receptor,22280.25,81.0,41.68975232120629
stage_c_forward,recovery,receptor,22645.5,82.0,41.689929719845736
stage_c_forward,recovery,receptor,23010.75,83.0,41.690089295462
stage_c_forward,recovery,receptor,23376.0,84.0,41.69023262665738
stage_c_forward,recovery,receptor,23741.25,85.0,41.69036088021028
stage_c_forward,recovery,receptor,24106.5,86.0,41.69047494595139
stage_c_forward,recovery,receptor,24471.75,87.0,41.69057853281354
stage_c_forward,recovery,receptor,24837.0,88.0,41.69067098060748
stage_c_forward,recovery,receptor,25202.25,89.0,41.69075364365649
stage_c_forward,recovery,receptor,25567.5,90.0,41.6908269486223
stage_c_forward,recovery,receptor,25932.75,91.0,41.69089387665855
stage_c_forward,recovery,receptor,26298.0,92.0,41.69095319336303
stage_c_forward,recovery,receptor,26663.25,93.0,41.691006505587985
stage_c_forward,recovery,receptor,27028.5,94.0,41.69105429631126
stage_c_forward,recovery,receptor,27393.75,95.0,41.69109706430238
stage_c_forward,recovery,receptor,27759.0,96.0,41.69113541447409
stage_c_forward,recovery,receptor,28124.25,97.0,41.691169969128524
stage_c_forward,recovery,receptor,28489.5,98.0,41.691200166486354
stage_c_forward,recovery,receptor,28854.75,99.0,41.69122802515426
stage_c_forward,recovery,receptor,29220.0,100.0,41.6912530226825
stage_c_forward,recovery,receptor,29585.25,101.0,41.69127495076513
stage_c_forward,recovery,receptor,29950.5,102.0,41.691295187656415
stage_c_forward,recovery,receptor,30315.75,103.0,41.69131339759589
stage_c_forward,recovery,receptor,30681.0,104.0,41.69132957840617
stage_c_forward,recovery,receptor,31046.25,105.0,41.69134398128311
stage_c_forward,recovery,receptor,31411.5,106.0,41.69135642990052
stage_c_forward,recovery,receptor,31776.75,107.0,41.69136826865383
stage_c_forward,recovery,receptor,32142.0,108.0,41.69137850416682
stage_c_forward,recovery,receptor,32507.25,109.0,41.69138762028864
stage_c_forward,recovery,receptor,32872.5,110.0,41.69139602596216
stage_c_forward,recovery,receptor,33237.75,111.0,41.69140341168012
stage_c_forward,recovery,receptor,33603.0,112.0,41.69141023007595
stage_c_forward,recovery,receptor,33968.25,113.0,41.69141621295132
stage_c_forward,recovery,receptor,34333.5,114.0,41.691421734221116
stage_c_forward,recovery,receptor,34698.75,115.0,41.69142660345318
stage_c_forward,recovery,receptor,35064.0,116.0,41.69143150893856
stage_c_forward,recovery,receptor,35429.25,117.0,41.69143645784673
stage_c_forward,recovery,receptor,35794.5,118.0,41.69143774879043
stage_c_forward,recovery,receptor,36159.75,119.0,41.69144133509978
stage_c_forward,recovery,receptor,36525.0,120.0,41.69144687392037
