,fcst_max_compliance_dd,fcst_max_receptor_dd,fcst_recovery_years,fcst_stage4_mean_inflow,h_compliance_005y,h_compliance_010y,h_compliance_015y,h_compliance_020y,h_compliance_025y,h_compliance_050y,h_compliance_120y,h_landholder_020y,h_landholder_120y,h_receptor_005y,h_receptor_010y,h_receptor_020y,h_receptor_050y,h_receptor_120y,q_mineinflow_005y,q_mineinflow_010y,q_mineinflow_015y,q_mineinflow_020y
real_0035,21.726872043194216,1.288058550514151,27.0,37521.3456714347,40.47673518539139,31.0807675160992,23.816667872395588,23.007729499591893,35.24824454105924,44.008386892375306,44.631965360139354,40.43227411441532,41.69039925434478,41.52962467621541,41.05030186247738,40.436319916217336,41.65446779955967,41.7197712881949,12137.356514076935,31273.258368234332,40063.78813147127,36676.31952386726
real_0029,21.804546447796017,1.2279774684944442,27.0,35994.28006340192,40.4907361330986,31.163066123369806,23.746593033556984,22.89732849983761,35.3210987163861,43.96674837579111,44.589224947336646,40.40842120709722,41.69135848423202,41.53983459335672,41.11650460667996,40.48106204770774,41.64332153135356,41.70392557122111,11705.227024971071,30456.691354438033,38946.764006968064,35270.423908451165
real_0032,21.629360740535365,1.0879006513930065,26.0,37614.53445897711,40.48916115699532,31.090471926310226,23.798119403690546,23.028391010874277,35.30803593200999,44.02623845455639,44.5508228816919,40.461310916300526,41.68008996973953,41.53262238639124,41.13203298912353,40.599882498125176,41.63506298366282,41.683958804604686,12344.605677419482,32195.11381829887,40880.50918379823,37006.668588678454
real_0089,21.717432110602573,1.0733759382517434,26.0,38036.986884034384,40.45562276252819,31.1660231014907,23.922361205240264,23.00148040039182,35.24648060568958,44.10151406204728,44.6260638446824,40.43525045462122,41.60250750993331,41.48944886157414,41.09857864658484,40.57721724446931,41.60243597155198,41.646946149212326,12374.535996917944,31701.241225148566,40454.85728060207,37183.94824579512
real_0028,21.80108385009654,0.8808588910360271,29.0,38818.32051660812,40.44589960402353,31.080231854452645,23.94142986636766,23.04549054323305,35.323390941587355,43.98779001317309,44.68524858622044,40.57865838023089,41.66692718223809,41.527062225838236,41.205411303898046,40.782524717511876,41.60209201518326,41.65740992615595,12715.62408216077,31981.96658747604,41005.40763277649,37999.17462561556
real_0068,21.52273951975834,1.0981100989990367,27.0,37281.38531087666,40.34276181622499,30.981659893713424,23.80843007650866,23.16168948180033,35.394161711051986,43.93972912693895,44.55999739067591,40.3595542751618,41.73476697726409,41.533528297638206,41.14255463908963,40.59637274628985,41.62858728677731,41.689108997463904,12576.651353044675,31918.091824866766,40394.15285721625,36564.23469376507
real_0069,21.822929391271877,1.1457235377179344,27.0,37184.01630728899,40.47894894836665,31.094374569085858,23.913899244761506,22.97131279384454,35.26401413742333,44.03903210870565,44.66239711553071,40.40694691804661,41.72222876755152,41.54093488681408,41.12429856113261,40.564294771194746,41.64262434458839,41.70415381732348,12203.631180258126,31042.84916302069,39462.78230140902,36350.18188159894
real_0099,21.66503709236403,1.1808873001970142,26.0,39111.08143807486,40.45189638277866,31.065535355844887,23.878187895637915,23.097347671124567,35.27082250285806,44.137230008507984,44.63374657926445,40.33272912962196,41.6881523226941,41.52950898607226,41.09333406595591,40.522279047834736,41.64765118437367,41.6979406916364,13057.317085864557,33142.3235362618,41801.14722410253,38465.55435627419
real_0011,21.681913244937913,1.1087571444673685,27.0,37577.08369729239,40.47167425755442,31.16592714220967,23.804088278903006,23.016851553676982,35.35223051829402,43.96109789970928,44.57657995658812,40.29654024773583,41.64901938703358,41.50966961572113,41.10095003908626,40.5675684041877,41.61363146708835,41.67073216173538,12408.471904845868,31954.542512516466,41093.96340974294,37022.102789677316
real_0012,21.33818443052878,1.0803710692912531,25.0,36285.46148014981,40.42113153357942,31.055487842426434,23.88016078528129,23.192094503217792,35.33726969923599,43.926193279676795,44.43097218270493,40.446489472734996,41.64300064108271,41.509794577654915,41.104453493542366,40.586817468002785,41.61734583813785,41.66340588200102,11602.459815058439,30645.932233724106,39074.82326955305,35654.29468992083
real_0075,21.713921664271382,1.1782433326239925,26.0,37825.9496579244,40.495867392186234,31.21868072049919,23.82489010322284,22.956514233797208,35.19868024726369,44.05277471870257,44.56447544701679,40.4143769105685,41.62433358274186,41.50387991615735,41.06545689633927,40.501015794359546,41.62518165642638,41.67452737614618,12058.238406599834,31452.450662853917,40670.172239132604,37163.72690772222
real_0002,21.65020457186029,1.1129790756802436,26.0,37648.80162950852,40.504202231909005,31.065008848576227,23.66160257182006,22.978837226504925,35.25392831109874,44.01628676915434,44.5531917137114,40.45168041602988,41.601787116527525,41.494489270436475,41.085728048104976,40.54613879998569,41.61217186059839,41.656162998347696,12473.712391314515,32952.24845574613,41744.68209963915,37000.13715756313
real_0004,21.851721037859576,1.1388114416931074,29.0,37460.72479850253,40.387308702291676,30.860072928791503,23.751576804709806,23.05937703168761,35.21413270620441,44.00806229307559,44.76536380280265,40.405305249646545,41.67999367149623,41.52154586581845,41.09732035897029,40.56089558115263,41.619780180831796,41.693499502907116,13045.9594996196,32102.233440721393,40246.444324119824,36647.68700152398
real_0006,21.84496716338905,1.1563231745067668,27.0,39016.270689914105,40.47785399575869,31.064902175972758,23.839509069114175,22.913990641312587,35.25089264964244,44.042712811043174,44.63350172305354,40.45897850101373,41.647182346376056,41.50656863306674,41.07348432107018,40.52640736993045,41.621094837571356,41.67717185592527,12635.077731904774,32530.521591150435,41495.74828173255,38157.55057012579
real_0008,21.570311673042486,1.131125410734704,27.0,36317.15986993585,40.41322038333462,31.063638684006325,23.876689771600446,23.233561953044433,35.39007212019716,44.08057628641276,44.64289034864395,40.53806995670842,41.6525213682628,41.52189266374597,41.103884448241075,40.56375123025376,41.63185038598405,41.687656600278714,12298.113283100676,30934.850670873107,39391.51989376347,35810.94405064113
real_0009,21.42885474468581,1.1915959257485724,26.0,37397.262728907444,40.41215777275282,31.117291835650025,23.856287599983297,23.206404162843665,35.483874819654375,43.98218566623212,44.53159623511943,40.414389643270866,41.64631901359541,41.50262842189877,41.06829489251707,40.49029073123587,41.62618261658234,41.67709752278119,12442.700242860014,32241.952748889147,41060.69808264442,36806.541821273495
real_0010,21.775087500886396,1.230472987592563,28.0,37993.998084973064,40.4714869358649,31.055033582544258,23.84942903742177,23.09900011489749,35.15777777575369,44.05750551191344,44.75104200228017,40.53971005238519,41.69718416126163,41.5450424088858,41.09306805659105,40.50333314639011,41.65639259451281,41.72809973046013,12991.330555464325,32754.041014968858,41266.86946654261,37328.045683697375
real_0018,21.6973381518465,1.1044476491972262,26.0,37899.78193209825,40.44820683738727,31.019094806840027,23.76144384514296,22.98970396873428,35.35238356125727,44.03179753142011,44.57908181701943,40.30076208707632,41.70743875587228,41.52390044932242,41.121995351210174,40.5813108626231,41.63087907930425,41.68136087120642,12593.236458119367,32431.362909839347,41085.51985496502,37217.04639234402
real_0019,21.750084179417357,1.2374130859712622,27.0,37751.721652125765,40.54121639905706,31.070977227291273,23.743416380446245,22.94748743452135,35.23454987046348,43.98052081362413,44.585165235776,40.42768066196086,41.70385243839664,41.538419810603855,41.0823200097598,40.479977267847445,41.64966862785798,41.712232925228605,12220.051206055472,32256.033589363586,41130.89771459308,37078.15874899078
real_0020,21.6074393079983,0.9641169472787254,26.0,39028.45358463744,40.39843335164714,30.987648728080842,23.709080902667242,23.11375198982786,35.28213625860343,44.066821366770476,44.63073433648102,40.66001846677046,41.629824757516076,41.50619925245482,41.13968372033401,40.6965990648973,41.616085093107934,41.65743998674622,13085.401356149834,33564.181195050856,42461.894020155894,38305.9413692528
real_0021,21.660859882387,1.1947462409556238,26.0,37044.8167276534,40.45281080625787,31.02297251647367,23.73560224231006,22.95426714576991,35.21607976962346,43.941494200935324,44.510180575859955,40.45211129008585,41.674102074023715,41.515841009053496,41.07013211274905,40.495322349297304,41.62730621453611,41.685617807859835,11893.393520890535,31316.641764534885,40015.68011571635,36390.530262889064
real_0022,21.496628425824227,1.1718844729945914,26.0,38093.57109792925,40.35248599798431,31.008212002898425,23.74395573248093,23.092099639771142,35.3103484956709,43.92579242486413,44.47894408150339,40.50598901216383,41.647486104281874,41.50249471034073,41.05537061459236,40.5147628292425,41.629554024133526,41.68175572333425,12469.833292206078,32259.38618546084,41419.40388659477,37438.67694894746
real_0023,21.453854599077353,1.1651122792149735,27.0,38213.70033329902,40.482637309519085,31.198838156117013,24.046782275453957,23.26524495024421,35.249280482929436,43.960543892756476,44.60140831328883,40.41123521388516,41.69396971869005,41.52557835777595,41.104236746815666,40.533175853668055,41.632757411613525,41.69298474091915,12963.537760023795,33098.062958955226,41657.25082539291,37451.736917944116
real_0026,21.762858629925375,1.1131432326843083,27.0,37346.07684341601,40.441643676081235,31.091442363342985,23.894681320345875,22.89663514954026,35.38037184460857,43.88823105828946,44.52013552890161,40.460519123096596,41.68572593748032,41.53205991497273,41.14352019082596,40.57514068249871,41.623046749663786,41.68249342714185,11943.295196240262,30883.51027444347,39445.272955228604,36484.19563296649
real_0030,21.710800438484796,1.3128771630504374,27.0,37454.9705727315,40.32864621893115,30.968495092331384,23.714770481508655,22.964076703130317,35.21759399677278,43.92400928901338,44.53754932683846,40.40813067435596,41.664106093985716,41.522227051143304,41.06648830948272,40.399439810152025,41.6432389557585,41.70575269739568,12653.80226356217,32146.71521174448,40448.65419295947,36759.385945713286
real_0031,21.519421568953714,1.1767358273227515,28.0,35881.16711518718,40.36716899576512,31.001448447945886,23.872017121259724,23.191243589550606,35.3256122877621,43.93179858257576,44.545926156342645,40.47205136845439,41.631878076961996,41.50151151140587,41.058555274688445,40.508923423387955,41.61443509143215,41.6775175012863,11950.605013439788,30155.991971304233,38608.19553308189,35239.04433344117
real_0034,21.66351865141058,1.1383722881845344,25.0,37397.277328018026,40.41791550972669,31.021354480141177,23.814455617540958,23.01520917586915,35.32621113471124,44.06596194596373,44.547815870876214,40.405025604968074,41.604362673416276,41.49805666690176,41.08488337306369,40.524046181949,41.610617632896336,41.65727104823126,12479.449488941944,31851.867979096092,40423.837815021136,36784.98982236239
real_0036,21.60112985955853,1.103206499291538,26.0,39358.699384022206,40.409143676472056,31.13815521034667,23.987739586229736,22.978888913773122,35.189923634458005,43.95349523955299,44.472747514329896,40.56949275847525,41.62614094062324,41.496283937799284,41.083362358951405,40.56338400628774,41.61681836651713,41.662287467633426,12625.704111162835,32534.537598572206,41472.95117201624,38405.15653642148
real_0038,21.6508030930073,1.1264428374509379,25.0,37952.91415999772,40.41507633708972,31.039598549609092,23.84030644013106,23.032762717472036,35.243166233523915,44.100881569397295,44.576454002172724,40.41333956287582,41.647273494948486,41.504669746367945,41.0941982165515,40.543878211953135,41.622258417669016,41.66602736224164,12526.978306115187,32101.748202739596,40647.912578937176,37265.04719842531
real_0039,21.915573817877117,1.1185811677029704,28.0,37092.843530214435,40.44189534234109,31.001731705487924,23.76924078782982,22.825409478595716,35.17788301158794,43.91999960147246,44.62097753587233,40.52127265905011,41.640283537252756,41.50914383222509,41.09947474962721,40.5600842849136,41.60900092094528,41.67331539105919,12311.309315632341,31404.031384629805,39835.365243131055,36289.13745721588
real_0040,21.56395833319855,1.1236098900945635,26.0,37579.989793710876,40.3799940119317,30.959614842346763,23.87899381378019,23.139912372749563,35.34327529220757,44.04983783720725,44.59235316545593,40.52658588091269,41.6128217468723,41.487232083785244,41.06239974614863,40.54066876640087,41.607962179984476,41.65962116348521,12628.289387246667,32039.98145311152,40408.82163094364,36813.17564430239
real_0044,21.63534790914771,1.1871955804788428,25.0,38169.45491168324,40.532863255380555,31.092845548355772,23.848452016469796,22.985241984902046,35.152405612679,44.03510702849297,44.52952608068223,40.38530140055691,41.64346087978217,41.49865382475205,41.04149877505161,40.489764269584775,41.625688987125166,41.67292081830577,12174.346712131006,32161.35018249006,40993.873346423796,37475.80789345644
real_0046,21.72976561974147,1.1582962125259897,26.0,37652.10542673699,40.41620616505878,31.00801075216511,23.779372657561968,23.04087251410941,35.30162642167625,44.09752683833845,44.65116997296703,40.57039736551639,41.658209141146195,41.517429280914406,41.09577690760603,40.53863592851555,41.63970856274092,41.691512166162966,12611.368790914048,32015.647446164458,40561.65938740109,36967.7083002056
real_0047,21.47190426713709,1.1042661900027895,29.0,37839.282332148505,40.521009664233056,31.195023168999583,23.869563162044305,23.200365629778567,35.322200223043865,43.81754314514257,44.556377910906086,40.43478167159514,41.692493680701396,41.51980591329396,41.1185988872629,40.57872255484392,41.61553372730712,41.67801508474528,12662.639495462709,33110.57940865051,42057.552339658774,37194.66688037611
real_0049,21.790962673418644,1.292000614081111,28.0,37744.47495673619,40.482112747508666,31.02599711753724,23.760045043150264,23.008350702396104,35.29071934921981,44.010326362372915,44.69962538601149,40.48022810288687,41.73126089941166,41.552120892676406,41.07578151180784,40.45807293677624,41.670449477606496,41.745239650108076,12640.123032410072,32459.539468733616,41217.2233858947,37055.03829458617
real_0054,21.620000535650334,1.1192549278840644,25.0,37628.55970017292,40.48252671538049,31.05802517587628,23.653364323616255,23.05150736414346,35.25091139585946,44.08731962355889,44.58107687718183,40.401045858601044,41.64826664411989,41.51398677682572,41.097996432852646,40.55947204991684,41.63210625530005,41.67523107071985,12438.117705478038,32527.76326199893,41471.31099877486,37090.04420815811
real_0057,21.782756145422024,0.7963642995939324,27.0,35235.26862111355,40.54621451068528,31.095138114413544,23.768815533746228,23.12572785893118,35.18619478559506,44.173021795279865,44.792012578790484,40.664558630222004,41.629913165844854,41.522022222424056,41.232998253591006,40.84342335252708,41.59362251558873,41.636219070800415,12065.322691897496,30648.357012563145,38863.20240181911,34716.832448858906
real_0060,21.76150920544242,1.122460558606761,26.0,38261.553043633365,40.40393875609645,30.938313281908382,23.8362179319144,23.008787982686737,35.15175899512399,44.082806012506644,44.66066221191124,40.387753310045376,41.66885038849993,41.517162727316055,41.10311967315038,40.563415304307135,41.62559412905055,41.68142919823691,12803.978097462688,32250.600423560598,40566.000217523964,37396.82051757818
real_0061,21.84588393016627,1.2692820548193993,28.0,36472.63176692246,40.51052923142864,31.082322062177212,23.910828479150414,23.04059294415472,35.38216097915019,44.104080418781656,44.743415361290744,40.51957086168881,41.630475134342085,41.51124938848393,41.04393797451065,40.435602954977774,41.62994654626011,41.69767442572401,11989.42187474665,30420.517123003563,38807.21821955332,35788.53045207697
real_0062,21.743729979891107,1.2011123107768213,28.0,37383.857000721284,40.384021099407384,30.981457380293268,23.837015506748365,23.06896495227047,35.18049049561917,43.99491763330242,44.654377977065195,40.41249907226233,41.63619011474061,41.518690263102684,41.078362029010826,40.49925073692525,41.62290820266383,41.69252697003082,12763.165989060455,31953.838024775985,40436.34602926118,36806.43357247992
real_0063,21.64224054049108,1.1271786130574313,26.0,38392.995811883135,40.443723875078696,31.19446741879148,23.896679137945775,23.033625069589057,35.35021385258892,44.02971071190771,44.565994075098494,40.340252060111595,41.677157977760004,41.51668710292536,41.109082903263634,40.55375833544034,41.62662799522876,41.67628891794826,12578.55795857573,32438.14802525118,41520.72389191075,37683.88903114927
real_0064,21.620093327543337,1.2151723981135802,28.0,36655.65825345495,40.4805685065515,31.0346047763432,23.714914757686646,23.110546756609196,35.31913669537667,43.922790786353595,44.632291209539616,40.43352783325476,41.69441202797602,41.53587360579813,41.09885211247203,40.49868180004846,41.64131847523688,41.70947771327939,12414.091381272274,32285.249979521202,40688.978955559345,36057.43967443378
real_0065,21.75374856028504,1.0188048897337012,26.0,38025.73600880926,40.369791599669924,31.074895038853825,23.897558504513558,22.947235887239387,35.26579224415141,44.02577627685814,44.55751805530886,40.4573222065205,41.61466284226487,41.49590918859613,41.129871359949,40.62922139936713,41.59841091359306,41.64237187271333,12703.10704665098,31954.943337808465,40525.99479091046,37245.244486985364
real_0066,21.689532413871444,1.136065543108046,26.0,37054.54353069575,40.41667266495341,31.087855976964015,23.746395593655283,23.023017665260515,35.26887342668064,44.048028727586754,44.59966700641181,40.43485491897784,41.65336966599405,41.520902139488314,41.132225676031915,40.54768071940263,41.6277584614176,41.67914626065221,12668.197988458962,32311.580514478504,41001.30085189681,36519.08874718993
real_0067,21.671457156502505,1.142306426308373,26.0,37774.33263413901,40.40259613112815,30.971349814133905,23.73455301778593,23.017800172851672,35.17514599851449,44.02180072697586,44.57290291451897,40.38933310867016,41.63987857526451,41.503842800199386,41.08345692184698,40.52796164685325,41.614724618674046,41.665632602246525,12711.591187802234,32669.63328763804,41335.67904250501,37174.11129290158
real_0070,21.76362560861786,1.1698890170249001,25.0,37712.50575811214,40.43980246803434,31.186827153072457,23.873392843001014,22.95766235290907,35.225638066029425,44.107286746317136,44.589688212795814,40.3809802041382,41.64764630161291,41.519920938992215,41.14479427032318,40.50419702321067,41.624938213607884,41.66874567774867,12864.471179279282,32332.032585499313,40714.57440899744,37094.333807234165
real_0074,21.79084042877464,1.1982070396895352,27.0,38529.558745045346,40.44895931748308,31.111621699043067,23.867822287995114,22.944864668081767,35.24242551958061,44.00335303645318,44.59994611765389,40.46597001067411,41.60899437750268,41.49282975220026,41.05097239646796,40.477124614771654,41.612956563889156,41.66899679533296,12679.194818341406,32340.715165777285,41344.815655525694,37741.07041882255
real_0076,21.697996145314583,1.0834316293860766,27.0,38013.28909951074,40.38056841704477,31.05886100317527,23.82465434134902,23.008140188804695,35.26733001920608,43.98278258655055,44.577680964354236,40.491855665399754,41.63234050626165,41.50712811132895,41.108104688075834,40.58919617613985,41.61385613039856,41.667153173239,12645.838071372486,32235.125298122584,41131.39659365689,37329.660923085685
real_0079,21.735480433381227,1.1885021023818112,28.0,37639.60625219888,40.42117393681945,31.07661993901922,23.826836107797593,23.09119278259284,35.29552696098242,44.04003048600722,44.686018796216544,40.362093683375974,41.74508454835204,41.543657134980755,41.11501990054964,40.534615784755495,41.649383937527006,41.716258389211895,12579.896202600701,31825.546954548467,40680.49835226846,36998.521544519805
real_0080,21.693915931048867,1.2503798002036035,26.0,37575.45329585911,40.40241332862825,30.967271179901793,23.83477566031974,23.11582841627867,35.26819456529847,44.11730163421788,44.67400683276242,40.427588908601095,41.671240939663,41.50933918647629,41.036376609637486,40.45665696415593,41.64285573933729,41.700305265494656,12731.166837075229,31973.444193907206,40342.451340668646,36921.91783383952
real_0083,21.63301342611007,1.0302503865196257,27.0,37568.62340151252,40.394492198285874,31.028055906829326,23.876740760375885,23.05789678857575,35.34551154532755,43.9528827475348,44.57062292649244,40.56495132147621,41.61009482571872,41.50718565515877,41.11952277665754,40.63601090690814,41.609566988047554,41.66158978922814,12464.345971540406,31821.996343934064,40350.87670723145,36836.99641091662
real_0084,21.534018956452208,0.9933133370228333,25.0,38228.576892505356,40.47732112889292,31.005456375026313,23.737058753909075,23.04359272877158,35.39017619909016,43.98999738665365,44.49357481663832,40.46362493331644,41.655363886397815,41.51091021134864,41.13874677460153,40.6617997839045,41.60888882902905,41.65210529063155,12329.083887713756,32704.52116217846,41691.15534530186,37670.642254076374
real_0086,21.621422812433725,1.1533332178463311,27.0,37743.75161567472,40.56150736082438,31.17537949599733,23.955457095241332,23.222357673379403,35.22244379188198,44.097583616224085,44.74336898370008,40.45407324946027,41.673005463200525,41.52818847572589,41.115660145596756,40.543452190131816,41.63352770447777,41.69275618074851,13074.91877997279,33346.58655872306,41861.51216492362,37051.07181629492
real_0088,21.596116398882838,0.9708295945637744,27.0,37858.346933847526,40.452004101305114,31.081857031673216,23.809479649395023,23.04573231715904,35.11142012951155,43.91848739515949,44.52755670618323,40.36971196477232,41.66656431112026,41.508820390355275,41.14047159688308,40.68464485932515,41.60268119883849,41.651290543531324,12291.382238184542,31764.06371816639,40678.991109897834,37109.14542197601
real_0090,21.784978575836114,1.1764800472959394,28.0,38155.89598023844,40.519450051650935,31.05912226049769,23.79593924775421,22.989021704919125,35.233487160271174,43.9830439043873,44.67671086554449,40.40709202980511,41.67506752746512,41.52841294417215,41.078165885636636,40.53308666042693,41.63943552663192,41.705502522,12339.772839659789,31960.33134210507,40737.804141396846,37493.03384817616
real_0091,21.80539825656202,1.1703475830612788,27.0,37860.58776915977,40.50045582150516,31.027492779837015,23.77259075616891,22.977460937012694,35.32203098920098,44.049831219466746,44.65612509685737,40.4206474822079,41.67777994746903,41.52940644024358,41.09441711121984,40.53492359471224,41.64088572437407,41.69936536423669,12270.567097554589,31733.635361734152,40497.27444167274,37189.669234740555
real_0095,21.73413237969004,1.1805568165835894,27.0,38237.06492299533,40.50597985177276,31.136963731537026,23.792742634760373,22.932897666166163,35.33851413971218,43.93286970580934,44.5755102319847,40.464531987675805,41.71564039669008,41.541284131069524,41.113171368633644,40.53295674435231,41.64403140270941,41.70951501513123,12230.998693674883,32087.12279284276,41170.88371207118,37461.24543745059
real_0096,21.831832236160377,1.0871784467591183,26.0,37208.43514896689,40.51914943606465,31.102663244891712,23.727962458706454,22.957962711072884,35.31943177327383,44.11794110991755,44.67897009688338,40.324954694536814,41.734587160427225,41.54078586197962,41.15269445851215,40.608713204926104,41.64050529148193,41.69144687392037,12235.268696387715,31651.123572387143,40410.7991086962,36572.346971386265
