run_id,stage,time_days_stage,time_years_total,drn_total_raw_m3_per_d,wel_total_raw_m3_per_d,RIV,GHB,RCH,PITDRN_FLOOR_raw_m3_per_d,PITDRN_WALL_raw_m3_per_d,PITWEL_raw_m3_per_d,PITDRN_FLOOR_m3_per_d,PITDRN_WALL_m3_per_d,PITWEL_m3_per_d,mine_inflow_floor_m3_per_d,mine_inflow_wall_m3_per_d,mine_inflow_well_m3_per_d,mine_inflow_components_sum_m3_per_d,mine_inflow_total_from_aggregate_m3_per_d,component_split_available,mine_inflow_total_m3_per_d,mine_inflow_component_mismatch_m3_per_d,mine_inflow_m3_per_d
stage_c_forward,predevelopment,1.0,0.0027378507871321013,0.0,0.0,-486.56577221783755,-684.627931891104,1170.9604799999997,0.0,0.0,0.0,-0.0,-0.0,-0.0,-0.0,-0.0,-0.0,0.0,-0.0,True,0.0,0.0,0.0
stage_c_forward,ops_stage_1,365.25,1.0,-24541.3059350686,0.0,-405.23626695672374,-149.7211976158911,1162.6661765999997,-23982.576706242224,-558.7292288263789,0.0,23982.576706242224,558.7292288263789,-0.0,23982.576706242224,558.7292288263789,-0.0,24541.3059350686,24541.3059350686,True,24541.3059350686,0.0,24541.3059350686
stage_c_forward,ops_stage_1,730.5,2.0,-16804.201769517735,0.0,-250.2040795673629,696.0644153541468,1162.6661765999997,-16408.759279836406,-395.44248968133024,0.0,16408.759279836406,395.44248968133024,-0.0,16408.759279836406,395.44248968133024,-0.0,16804.201769517735,16804.201769517735,True,16804.201769517735,0.0,16804.201769517735
stage_c_forward,ops_stage_1,1095.75,3.0,-14653.488186226303,0.0,-58.546544870436264,1584.2551003219774,1162.6661765999997,-14307.099716391385,-346.3884698349173,0.0,14307.099716391385,346.3884698349173,-0.0,14307.099716391385,346.3884698349173,-0.0,14653.488186226303,14653.488186226303,True,14653.488186226303,0.0,14653.488186226303
stage_c_forward,ops_stage_1,1461.0,4.0,-13478.329072151933,0.0,140.9760902878179,2390.989865787769,1162.6661765999997,-13158.754745156999,-319.5743269949337,0.0,13158.754745156999,319.5743269949337,-0.0,13158.754745156999,319.5743269949337,-0.0,13478.329072151933,13478.329072151933,True,13478.329072151933,0.0,13478.329072151933
stage_c_forward,ops_stage_1,1826.25,5.0,-12694.956105998646,0.0,332.6148203801404,3084.059574852231,1162.6661765999997,-12393.304780825041,-301.6513251736045,0.0,12393.304780825041,301.6513251736045,-0.0,12393.304780825041,301.6513251736045,-0.0,12694.956105998646,12694.956105998646,True,12694.956105998646,0.0,12694.956105998646
stage_c_forward,ops_stage_2,365.25,6.0,-54520.793550889386,0.0,659.693098651247,4574.863368290316,1162.6661765999997,-46761.17311448204,-7759.6204364073465,0.0,46761.17311448204,7759.6204364073465,-0.0,46761.17311448204,7759.6204364073465,-0.0,54520.793550889386,54520.793550889386,True,54520.793550889386,0.0,54520.793550889386
stage_c_forward,ops_stage_2,730.5,7.0,-38946.49946438189,0.0,1099.189827704242,6476.50133841676,1162.6661765999997,-33065.83560609532,-5880.663858286572,0.0,33065.83560609532,5880.663858286572,-0.0,33065.83560609532,5880.663858286572,-0.0,38946.49946438189,38946.49946438189,True,38946.49946438189,0.0,38946.49946438189
stage_c_forward,ops_stage_2,1095.75,8.0,-34878.12126849461,0.0,1582.4994646808373,8352.760283082554,1162.6661765999997,-29569.473926036066,-5308.647342458538,0.0,29569.473926036066,5308.647342458538,-0.0,29569.473926036066,5308.647342458538,-0.0,34878.12126849461,34878.12126849461,True,34878.12126849461,0.0,34878.12126849461
stage_c_forward,ops_stage_2,1461.0,9.0,-32568.933893324,0.0,2060.625156034306,10020.194540496579,1162.6661765999997,-27588.09527296648,-4980.83862035752,0.0,27588.09527296648,4980.83862035752,-0.0,27588.09527296648,4980.83862035752,-0.0,32568.933893324,32568.933893324,True,32568.933893324,0.0,32568.933893324
stage_c_forward,ops_stage_2,1826.25,10.0,-30983.233398410288,0.0,2508.846085027666,11447.189045144241,1162.6661765999997,-26229.001629637576,-4754.231768772714,0.0,26229.001629637576,4754.231768772714,-0.0,26229.001629637576,4754.231768772714,-0.0,30983.233398410288,30983.233398410288,True,30983.233398410288,0.0,30983.233398410288
stage_c_forward,ops_stage_3,365.25,11.0,-57277.04089663955,0.0,3013.881940197997,13194.837067960205,1162.6661765999997,-42834.15199181305,-14442.888904826495,0.0,42834.15199181305,14442.888904826495,-0.0,42834.15199181305,14442.888904826495,-0.0,57277.04089663955,57277.04089663955,True,57277.04089663955,0.0,57277.04089663955
stage_c_forward,ops_stage_3,730.5,12.0,-44866.45494788546,0.0,3548.4110714076314,15053.407468741989,1162.6661765999997,-32538.1949935437,-12328.25995434176,0.0,32538.1949935437,12328.25995434176,-0.0,32538.1949935437,12328.25995434176,-0.0,44866.45494788546,44866.45494788546,True,44866.45494788546,0.0,44866.45494788546
stage_c_forward,ops_stage_3,1095.75,13.0,-41693.83557886125,0.0,4061.673969214412,16771.18321351401,1162.6661765999997,-30033.799509835735,-11660.036069025515,0.0,30033.799509835735,11660.036069025515,-0.0,30033.799509835735,11660.036069025515,-0.0,41693.83557886125,41693.83557886125,True,41693.83557886125,0.0,41693.83557886125
stage_c_forward,ops_stage_3,1461.0,14.0,-39824.88387647609,0.0,4524.038339652343,18237.026033576887,1162.6661765999997,-28566.238188174393,-11258.645688301693,0.0,28566.238188174393,11258.645688301693,-0.0,28566.238188174393,11258.645688301693,-0.0,39824.88387647609,39824.88387647609,True,39824.88387647609,0.0,39824.88387647609
stage_c_forward,ops_stage_3,1826.25,15.0,-38512.99493520754,0.0,4918.776035276038,19449.197445535305,1162.6661765999997,-27539.891394376915,-10973.103540830627,0.0,27539.891394376915,10973.103540830627,-0.0,27539.891394376915,10973.103540830627,-0.0,38512.99493520754,38512.99493520754,True,38512.99493520754,0.0,38512.99493520754
stage_c_forward,ops_stage_4,365.25,16.0,-36401.67073967221,0.0,5233.129610720264,20400.58795885951,1162.6661765999997,-3722.4621839088086,-32679.208555763405,0.0,3722.4621839088086,32679.208555763405,-0.0,3722.4621839088086,32679.208555763405,-0.0,36401.67073967221,36401.67073967221,True,36401.67073967221,0.0,36401.67073967221
stage_c_forward,ops_stage_4,730.5,17.0,-35785.36533084674,0.0,5490.93583576772,21148.805919469123,1162.6661765999997,-3357.265883127682,-32428.099447719058,0.0,3357.265883127682,32428.099447719058,-0.0,3357.265883127682,32428.099447719058,-0.0,35785.36533084674,35785.36533084674,True,35785.36533084674,0.0,35785.36533084674
stage_c_forward,ops_stage_4,1095.75,18.0,-35365.21131451097,0.0,5702.709127304271,21751.157820859673,1162.6661765999997,-3344.5978842622117,-32020.61343024876,0.0,3344.5978842622117,32020.61343024876,-0.0,3344.5978842622117,32020.61343024876,-0.0,35365.21131451097,35365.21131451097,True,35365.21131451097,0.0,35365.21131451097
stage_c_forward,ops_stage_4,1461.0,19.0,-34972.79732168249,0.0,5876.7385980894705,22245.679447480896,1162.6661765999997,-3333.1686534122764,-31639.628668270212,0.0,3333.1686534122764,31639.628668270212,-0.0,3333.1686534122764,31639.628668270212,-0.0,34972.79732168249,34972.79732168249,True,34972.79732168249,0.0,34972.79732168249
stage_c_forward,ops_stage_4,1826.25,20.0,-34634.02176869949,0.0,6018.927024877988,22656.511284447977,1162.6661765999997,-3323.035508301451,-31310.98626039804,0.0,3323.035508301451,31310.98626039804,-0.0,3323.035508301451,31310.98626039804,-0.0,34634.02176869949,34634.02176869949,True,34634.02176869949,0.0,34634.02176869949
stage_c_forward,recovery,365.25,21.0,0.0,0.0,6076.158239125288,22370.501083174186,1162.6661765999997,0.0,0.0,0.0,-0.0,-0.0,-0.0,-0.0,-0.0,-0.0,0.0,-0.0,True,0.0,0.0,0.0
stage_c_forward,recovery,730.5,22.0,0.0,0.0,6014.912994987932,21349.73210234936,1162.6661765999997,0.0,0.0,0.0,-0.0,-0.0,-0.0,-0.0,-0.0,-0.0,0.0,-0.0,True,0.0,0.0,0.0
stage_c_forward,recovery,1095.75,23.0,0.0,0.0,5829.730387064611,19886.15648135361,1162.6661765999997,0.0,0.0,0.0,-0.0,-0.0,-0.0,-0.0,-0.0,-0.0,0.0,-0.0,True,0.0,0.0,0.0
stage_c_forward,recovery,1461.0,24.0,0.0,0.0,5538.175160303815,18247.178212786388,1162.6661765999997,0.0,0.0,0.0,-0.0,-0.0,-0.0,-0.0,-0.0,-0.0,0.0,-0.0,True,0.0,0.0,0.0
stage_c_forward,recovery,1826.25,25.0,0.0,0.0,5163.690724089838,16595.181234726675,1162.6661765999997,0.0,0.0,0.0,-0.0,-0.0,-0.0,-0.0,-0.0,-0.0,0.0,-0.0,True,0.0,0.0,0.0
stage_c_forward,recovery,2191.5,26.0,0.0,0.0,4746.698165454024,15012.05581195452,1162.6661765999997,0.0,0.0,0.0,-0.0,-0.0,-0.0,-0.0,-0.0,-0.0,0.0,-0.0,True,0.0,0.0,0.0
stage_c_forward,recovery,2556.75,27.0,0.0,0.0,4334.3111980573185,13532.915866030871,1162.6661765999997,0.0,0.0,0.0,-0.0,-0.0,-0.0,-0.0,-0.0,-0.0,0.0,-0.0,True,0.0,0.0,0.0
stage_c_forward,recovery,2922.0,28.0,0.0,0.0,3932.9706052685015,12170.103539299209,1162.6661765999997,0.0,0.0,0.0,-0.0,-0.0,-0.0,-0.0,-0.0,-0.0,0.0,-0.0,True,0.0,0.0,0.0
stage_c_forward,recovery,3287.25,29.0,0.0,0.0,3549.5656731378267,10925.093353020353,1162.6661765999997,0.0,0.0,0.0,-0.0,-0.0,-0.0,-0.0,-0.0,-0.0,0.0,-0.0,True,0.0,0.0,0.0
stage_c_forward,recovery,3652.5,30.0,0.0,0.0,3189.0755510734543,9794.067583152564,1162.6661765999997,0.0,0.0,0.0,-0.0,-0.0,-0.0,-0.0,-0.0,-0.0,0.0,-0.0,True,0.0,0.0,0.0
stage_c_forward,recovery,4017.75,31.0,0.0,0.0,2854.5097871449625,8770.620882233716,1162.6661765999997,0.0,0.0,0.0,-0.0,-0.0,-0.0,-0.0,-0.0,-0.0,0.0,-0.0,True,0.0,0.0,0.0
stage_c_forward,recovery,4383.0,32.0,0.0,0.0,2548.2824734402666,7847.587896689824,1162.6661765999997,0.0,0.0,0.0,-0.0,-0.0,-0.0,-0.0,-0.0,-0.0,0.0,-0.0,True,0.0,0.0,0.0
stage_c_forward,recovery,4748.25,33.0,0.0,0.0,2274.2509680338317,7019.657483031396,1162.6661765999997,0.0,0.0,0.0,-0.0,-0.0,-0.0,-0.0,-0.0,-0.0,0.0,-0.0,True,0.0,0.0,0.0
stage_c_forward,recovery,5113.5,34.0,0.0,0.0,2034.8988480789449,6284.991712524199,1162.6661765999997,0.0,0.0,0.0,-0.0,-0.0,-0.0,-0.0,-0.0,-0.0,0.0,-0.0,True,0.0,0.0,0.0
stage_c_forward,recovery,5478.75,35.0,0.0,0.0,1823.5461139244399,5634.735160006338,1162.6661765999997,0.0,0.0,0.0,-0.0,-0.0,-0.0,-0.0,-0.0,-0.0,0.0,-0.0,True,0.0,0.0,0.0
stage_c_forward,recovery,5844.0,36.0,0.0,0.0,1632.6250672391507,5051.18082956058,1162.6661765999997,0.0,0.0,0.0,-0.0,-0.0,-0.0,-0.0,-0.0,-0.0,0.0,-0.0,True,0.0,0.0,0.0
stage_c_forward,recovery,6209.25,37.0,0.0,0.0,1457.564715873552,4524.361777454891,1162.6661765999997,0.0,0.0,0.0,-0.0,-0.0,-0.0,-0.0,-0.0,-0.0,0.0,-0.0,True,0.0,0.0,0.0
stage_c_forward,recovery,6574.5,38.0,0.0,0.0,1296.0658130986149,4047.2146023853597,1162.6661765999997,0.0,0.0,0.0,-0.0,-0.0,-0.0,-0.0,-0.0,-0.0,0.0,-0.0,True,0.0,0.0,0.0
stage_c_forward,recovery,6939.75,39.0,0.0,0.0,1146.776090931815,3614.237061332112,1162.6661765999997,0.0,0.0,0.0,-0.0,-0.0,-0.0,-0.0,-0.0,-0.0,0.0,-0.0,True,0.0,0.0,0.0
stage_c_forward,recovery,7305.0,40.0,0.0,0.0,1008.7601368032902,3220.896912322762,1162.6661765999997,0.0,0.0,0.0,-0.0,-0.0,-0.0,-0.0,-0.0,-0.0,0.0,-0.0,True,0.0,0.0,0.0
stage_c_forward,recovery,7670.25,41.0,0.0,0.0,881.3511070316208,2863.332579955346,1162.6661765999997,0.0,0.0,0.0,-0.0,-0.0,-0.0,-0.0,-0.0,-0.0,0.0,-0.0,True,0.0,0.0,0.0
stage_c_forward,recovery,8035.5,42.0,0.0,0.0,763.6963130112817,2538.1286693733305,1162.6661765999997,0.0,0.0,0.0,-0.0,-0.0,-0.0,-0.0,-0.0,-0.0,0.0,-0.0,True,0.0,0.0,0.0
stage_c_forward,recovery,8400.75,43.0,0.0,0.0,655.2889380109918,2242.2811811337424,1162.6661765999997,0.0,0.0,0.0,-0.0,-0.0,-0.0,-0.0,-0.0,-0.0,0.0,-0.0,True,0.0,0.0,0.0
stage_c_forward,recovery,8766.0,44.0,0.0,0.0,555.7066200453519,1973.1029316145757,1162.6661765999997,0.0,0.0,0.0,-0.0,-0.0,-0.0,-0.0,-0.0,-0.0,0.0,-0.0,True,0.0,0.0,0.0
stage_c_forward,recovery,9131.25,45.0,0.0,0.0,464.4976400277874,1728.1965232631671,1162.6661765999997,0.0,0.0,0.0,-0.0,-0.0,-0.0,-0.0,-0.0,-0.0,0.0,-0.0,True,0.0,0.0,0.0
stage_c_forward,recovery,9496.5,46.0,0.0,0.0,381.15367553724445,1505.392951483798,1162.6661765999997,0.0,0.0,0.0,-0.0,-0.0,-0.0,-0.0,-0.0,-0.0,0.0,-0.0,True,0.0,0.0,0.0
stage_c_forward,recovery,9861.75,47.0,0.0,0.0,305.12634719540165,1302.7374455497738,1162.6661765999997,0.0,0.0,0.0,-0.0,-0.0,-0.0,-0.0,-0.0,-0.0,0.0,-0.0,True,0.0,0.0,0.0
stage_c_forward,recovery,10227.0,48.0,0.0,0.0,235.849048622159,1118.4354285269997,1162.6661765999997,0.0,0.0,0.0,-0.0,-0.0,-0.0,-0.0,-0.0,-0.0,0.0,-0.0,True,0.0,0.0,0.0
stage_c_forward,recovery,10592.25,49.0,0.0,0.0,172.7691167344792,950.8592806465084,1162.6661765999997,0.0,0.0,0.0,-0.0,-0.0,-0.0,-0.0,-0.0,-0.0,0.0,-0.0,True,0.0,0.0,0.0
stage_c_forward,recovery,10957.5,50.0,0.0,0.0,115.36076837617566,798.5240310808446,1162.6661765999997,0.0,0.0,0.0,-0.0,-0.0,-0.0,-0.0,-0.0,-0.0,0.0,-0.0,True,0.0,0.0,0.0
stage_c_forward,recovery,11322.75,51.0,0.0,0.0,63.13682264572617,660.0670117245929,1162.6661765999997,0.0,0.0,0.0,-0.0,-0.0,-0.0,-0.0,-0.0,-0.0,0.0,-0.0,True,0.0,0.0,0.0
stage_c_forward,recovery,11688.0,52.0,0.0,0.0,15.642927678765773,534.2451067845025,1162.6661765999997,0.0,0.0,0.0,-0.0,-0.0,-0.0,-0.0,-0.0,-0.0,0.0,-0.0,True,0.0,0.0,0.0
stage_c_forward,recovery,12053.25,53.0,0.0,0.0,-27.54051351543785,419.9189563784197,1162.6661765999997,0.0,0.0,0.0,-0.0,-0.0,-0.0,-0.0,-0.0,-0.0,0.0,-0.0,True,0.0,0.0,0.0
stage_c_forward,recovery,12418.5,54.0,0.0,0.0,-66.79519575536415,316.04990340946154,1162.6661765999997,0.0,0.0,0.0,-0.0,-0.0,-0.0,-0.0,-0.0,-0.0,0.0,-0.0,True,0.0,0.0,0.0
stage_c_forward,recovery,12783.75,55.0,0.0,0.0,-102.47117645725211,221.69702239882056,1162.6661765999997,0.0,0.0,0.0,-0.0,-0.0,-0.0,-0.0,-0.0,-0.0,0.0,-0.0,True,0.0,0.0,0.0
stage_c_forward,recovery,13149.0,56.0,0.0,0.0,-134.8891945367759,135.99813958301752,1162.6661765999997,0.0,0.0,0.0,-0.0,-0.0,-0.0,-0.0,-0.0,-0.0,0.0,-0.0,True,0.0,0.0,0.0
stage_c_forward,recovery,13514.25,57.0,0.0,0.0,-164.34229588910875,58.16570389557792,1162.6661765999997,0.0,0.0,0.0,-0.0,-0.0,-0.0,-0.0,-0.0,-0.0,0.0,-0.0,True,0.0,0.0,0.0
stage_c_forward,recovery,13879.5,58.0,0.0,0.0,-191.09759941144603,-12.510432812664249,1162.6661765999997,0.0,0.0,0.0,-0.0,-0.0,-0.0,-0.0,-0.0,-0.0,0.0,-0.0,True,0.0,0.0,0.0
stage_c_forward,recovery,14244.75,59.0,0.0,0.0,-215.4000573990479,-76.69727612537716,1162.6661765999997,0.0,0.0,0.0,-0.0,-0.0,-0.0,-0.0,-0.0,-0.0,0.0,-0.0,True,0.0,0.0,0.0
stage_c_forward,recovery,14610.0,60.0,0.0,0.0,-237.47193657113894,-134.97872760813294,1162.6661765999997,0.0,0.0,0.0,-0.0,-0.0,-0.0,-0.0,-0.0,-0.0,0.0,-0.0,True,0.0,0.0,0.0
stage_c_forward,recovery,14975.25,61.0,0.0,0.0,-257.515725760868,-187.889750555487,1162.6661765999997,0.0,0.0,0.0,-0.0,-0.0,-0.0,-0.0,-0.0,-0.0,0.0,-0.0,True,0.0,0.0,0.0
stage_c_forward,recovery,15340.5,62.0,0.0,0.0,-275.71700057632734,-235.93042464444952,1162.6661765999997,0.0,0.0,0.0,-0.0,-0.0,-0.0,-0.0,-0.0,-0.0,0.0,-0.0,True,0.0,0.0,0.0
stage_c_forward,recovery,15705.75,63.0,0.0,0.0,-292.24280483942675,-279.540762594514,1162.6661765999997,0.0,0.0,0.0,-0.0,-0.0,-0.0,-0.0,-0.0,-0.0,0.0,-0.0,True,0.0,0.0,0.0
stage_c_forward,recovery,16071.0,64.0,0.0,0.0,-307.24576353546945,-319.1290951676549,1162.6661765999997,0.0,0.0,0.0,-0.0,-0.0,-0.0,-0.0,-0.0,-0.0,0.0,-0.0,True,0.0,0.0,0.0
stage_c_forward,recovery,16436.25,65.0,0.0,0.0,-320.8711192066676,-355.07197228703956,1162.6661765999997,0.0,0.0,0.0,-0.0,-0.0,-0.0,-0.0,-0.0,-0.0,0.0,-0.0,True,0.0,0.0,0.0
stage_c_forward,recovery,16801.5,66.0,0.0,0.0,-333.23895341426214,-387.6985126625135,1162.6661765999997,0.0,0.0,0.0,-0.0,-0.0,-0.0,-0.0,-0.0,-0.0,0.0,-0.0,True,0.0,0.0,0.0
stage_c_forward,recovery,17166.75,67.0,0.0,0.0,-344.4642006411277,-417.3124024708219,1162.6661765999997,0.0,0.0,0.0,-0.0,-0.0,-0.0,-0.0,-0.0,-0.0,0.0,-0.0,True,0.0,0.0,0.0
stage_c_forward,recovery,17532.0,68.0,0.0,0.0,-354.65490956354097,-444.19146788645264,1162.6661765999997,0.0,0.0,0.0,-0.0,-0.0,-0.0,-0.0,-0.0,-0.0,0.0,-0.0,True,0.0,0.0,0.0
stage_c_forward,recovery,17897.25,69.0,0.0,0.0,-363.9037773290629,-468.58686139172335,1162.6661765999997,0.0,0.0,0.0,-0.0,-0.0,-0.0,-0.0,-0.0,-0.0,0.0,-0.0,True,0.0,0.0,0.0
stage_c_forward,recovery,18262.5,70.0,0.0,0.0,-372.29630632593944,-490.7268043755976,1162.6661765999997,0.0,0.0,0.0,-0.0,-0.0,-0.0,-0.0,-0.0,-0.0,0.0,-0.0,True,0.0,0.0,0.0
stage_c_forward,recovery,18627.75,71.0,0.0,0.0,-379.9212797727805,-510.8235509473179,1162.6661765999997,0.0,0.0,0.0,-0.0,-0.0,-0.0,-0.0,-0.0,-0.0,0.0,-0.0,True,0.0,0.0,0.0
stage_c_forward,recovery,18993.0,72.0,0.0,0.0,-386.8379582570624,-529.0638333142797,1162.6661765999997,0.0,0.0,0.0,-0.0,-0.0,-0.0,-0.0,-0.0,-0.0,0.0,-0.0,True,0.0,0.0,0.0
stage_c_forward,recovery,19358.25,73.0,0.0,0.0,-393.1149370412895,-545.6129089859023,1162.6661765999997,0.0,0.0,0.0,-0.0,-0.0,-0.0,-0.0,-0.0,-0.0,0.0,-0.0,True,0.0,0.0,0.0
stage_c_forward,recovery,19723.5,74.0,0.0,0.0,-398.8013706759293,-560.6186096039648,1162.6661765999997,0.0,0.0,0.0,-0.0,-0.0,-0.0,-0.0,-0.0,-0.0,0.0,-0.0,True,0.0,0.0,0.0
stage_c_forward,recovery,20088.75,75.0,0.0,0.0,-403.9778516591905,-574.2581989884926,1162.6661765999997,0.0,0.0,0.0,-0.0,-0.0,-0.0,-0.0,-0.0,-0.0,0.0,-0.0,True,0.0,0.0,0.0
stage_c_forward,recovery,20454.0,76.0,0.0,0.0,-408.66255493688186,-586.6289150976701,1162.6661765999997,0.0,0.0,0.0,-0.0,-0.0,-0.0,-0.0,-0.0,-0.0,0.0,-0.0,True,0.0,0.0,0.0
stage_c_forward,recovery,20819.25,77.0,0.0,0.0,-412.9279653549893,-597.8629885171594,1162.6661765999997,0.0,0.0,0.0,-0.0,-0.0,-0.0,-0.0,-0.0,-0.0,0.0,-0.0,True,0.0,0.0,0.0
stage_c_forward,recovery,21184.5,78.0,0.0,0.0,-416.7917165974359,-608.0438774864475,1162.6661765999997,0.0,0.0,0.0,-0.0,-0.0,-0.0,-0.0,-0.0,-0.0,0.0,-0.0,True,0.0,0.0,0.0
stage_c_forward,recovery,21549.75,79.0,0.0,0.0,-420.30093672841394,-617.3003192779763,1162.6661765999997,0.0,0.0,0.0,-0.0,-0.0,-0.0,-0.0,-0.0,-0.0,0.0,-0.0,True,0.0,0.0,0.0
stage_c_forward,recovery,21915.0,80.0,0.0,0.0,-423.4823649296295,-625.6824459023492,1162.6661765999997,0.0,0.0,0.0,-0.0,-0.0,-0.0,-0.0,-0.0,-0.0,0.0,-0.0,True,0.0,0.0,0.0
stage_c_forward,recovery,22280.25,81.0,0.0,0.0,-426.3733295108814,-633.3040079416086,1162.6661765999997,0.0,0.0,0.0,-0.0,-0.0,-0.0,-0.0,-0.0,-0.0,0.0,-0.0,True,0.0,0.0,0.0
stage_c_forward,recovery,22645.5,82.0,0.0,0.0,-428.9909607966092,-640.210249663281,1162.6661765999997,0.0,0.0,0.0,-0.0,-0.0,-0.0,-0.0,-0.0,-0.0,0.0,-0.0,True,0.0,0.0,0.0
stage_c_forward,recovery,23010.75,83.0,0.0,0.0,-431.37275132749073,-646.4868967580519,1162.6661765999997,0.0,0.0,0.0,-0.0,-0.0,-0.0,-0.0,-0.0,-0.0,0.0,-0.0,True,0.0,0.0,0.0
stage_c_forward,recovery,23376.0,84.0,0.0,0.0,-433.52987750081866,-652.1752275358947,1162.6661765999997,0.0,0.0,0.0,-0.0,-0.0,-0.0,-0.0,-0.0,-0.0,0.0,-0.0,True,0.0,0.0,0.0
stage_c_forward,recovery,23741.25,85.0,0.0,0.0,-435.48743999871476,-657.3325588798577,1162.6661765999997,0.0,0.0,0.0,-0.0,-0.0,-0.0,-0.0,-0.0,-0.0,0.0,-0.0,True,0.0,0.0,0.0
stage_c_forward,recovery,24106.5,86.0,0.0,0.0,-437.2639204605475,-662.0191571663679,1162.6661765999997,0.0,0.0,0.0,-0.0,-0.0,-0.0,-0.0,-0.0,-0.0,0.0,-0.0,True,0.0,0.0,0.0
stage_c_forward,recovery,24471.75,87.0,0.0,0.0,-438.8770604036181,-666.2681899018845,1162.6661765999997,0.0,0.0,0.0,-0.0,-0.0,-0.0,-0.0,-0.0,-0.0,0.0,-0.0,True,0.0,0.0,0.0
stage_c_forward,recovery,24837.0,88.0,0.0,0.0,-440.33792772136894,-670.1143836187214,1162.6661765999997,0.0,0.0,0.0,-0.0,-0.0,-0.0,-0.0,-0.0,-0.0,0.0,-0.0,True,0.0,0.0,0.0
stage_c_forward,recovery,25202.25,89.0,0.0,0.0,-441.6667875607736,-673.6208617828967,1162.6661765999997,0.0,0.0,0.0,-0.0,-0.0,-0.0,-0.0,-0.0,-0.0,0.0,-0.0,True,0.0,0.0,0.0
stage_c_forward,recovery,25567.5,90.0,0.0,0.0,-442.86891973931324,-676.8017039262626,1162.6661765999997,0.0,0.0,0.0,-0.0,-0.0,-0.0,-0.0,-0.0,-0.0,0.0,-0.0,True,0.0,0.0,0.0
stage_c_forward,recovery,25932.75,91.0,0.0,0.0,-443.9650962555834,-679.6873333850883,1162.6661765999997,0.0,0.0,0.0,-0.0,-0.0,-0.0,-0.0,-0.0,-0.0,0.0,-0.0,True,0.0,0.0,0.0
stage_c_forward,recovery,26298.0,92.0,0.0,0.0,-444.9536368120771,-682.2729460994049,1162.6661765999997,0.0,0.0,0.0,-0.0,-0.0,-0.0,-0.0,-0.0,-0.0,0.0,-0.0,True,0.0,0.0,0.0
stage_c_forward,recovery,26663.25,93.0,0.0,0.0,-445.84778143523636,-684.6309589127967,1162.6661765999997,0.0,0.0,0.0,-0.0,-0.0,-0.0,-0.0,-0.0,-0.0,0.0,-0.0,True,0.0,0.0,0.0
stage_c_forward,recovery,27028.5,94.0,0.0,0.0,-446.66531940788536,-686.7971696103243,1162.6661765999997,0.0,0.0,0.0,-0.0,-0.0,-0.0,-0.0,-0.0,-0.0,0.0,-0.0,True,0.0,0.0,0.0
stage_c_forward,recovery,27393.75,95.0,0.0,0.0,-447.41019293009595,-688.7616891974095,1162.6661765999997,0.0,0.0,0.0,-0.0,-0.0,-0.0,-0.0,-0.0,-0.0,0.0,-0.0,True,0.0,0.0,0.0
stage_c_forward,recovery,27759.0,96.0,0.0,0.0,-448.0841321032394,-690.5390282130521,1162.6661765999997,0.0,0.0,0.0,-0.0,-0.0,-0.0,-0.0,-0.0,-0.0,0.0,-0.0,True,0.0,0.0,0.0
stage_c_forward,recovery,28124.25,97.0,0.0,0.0,-448.6948727034487,-692.1479210738279,1162.6661765999997,0.0,0.0,0.0,-0.0,-0.0,-0.0,-0.0,-0.0,-0.0,0.0,-0.0,True,0.0,0.0,0.0
stage_c_forward,recovery,28489.5,98.0,0.0,0.0,-449.24731857041934,-693.6001509037465,1162.6661765999997,0.0,0.0,0.0,-0.0,-0.0,-0.0,-0.0,-0.0,-0.0,0.0,-0.0,True,0.0,0.0,0.0
stage_c_forward,recovery,28854.75,99.0,0.0,0.0,-449.7510356186767,-694.9288300355023,1162.6661765999997,0.0,0.0,0.0,-0.0,-0.0,-0.0,-0.0,-0.0,-0.0,0.0,-0.0,True,0.0,0.0,0.0
stage_c_forward,recovery,29220.0,100.0,0.0,0.0,-450.20768402238264,-696.1248078915104,1162.6661765999997,0.0,0.0,0.0,-0.0,-0.0,-0.0,-0.0,-0.0,-0.0,0.0,-0.0,True,0.0,0.0,0.0
stage_c_forward,recovery,29585.25,101.0,0.0,0.0,-450.62136446180557,-697.2232438098488,1162.6661765999997,0.0,0.0,0.0,-0.0,-0.0,-0.0,-0.0,-0.0,-0.0,0.0,-0.0,True,0.0,0.0,0.0
stage_c_forward,recovery,29950.5,102.0,0.0,0.0,-450.9866269036447,-698.190122666023,1162.6661765999997,0.0,0.0,0.0,-0.0,-0.0,-0.0,-0.0,-0.0,-0.0,0.0,-0.0,True,0.0,0.0,0.0
stage_c_forward,recovery,30315.75,103.0,0.0,0.0,-451.3317991850208,-699.0979000355987,1162.6661765999997,0.0,0.0,0.0,-0.0,-0.0,-0.0,-0.0,-0.0,-0.0,0.0,-0.0,True,0.0,0.0,0.0
stage_c_forward,recovery,30681.0,104.0,0.0,0.0,-451.64349012429375,-699.9117305932511,1162.6661765999997,0.0,0.0,0.0,-0.0,-0.0,-0.0,-0.0,-0.0,-0.0,0.0,-0.0,True,0.0,0.0,0.0
stage_c_forward,recovery,31046.25,105.0,0.0,0.0,-451.92502065792723,-700.6604499771754,1162.6661765999997,0.0,0.0,0.0,-0.0,-0.0,-0.0,-0.0,-0.0,-0.0,0.0,-0.0,True,0.0,0.0,0.0
stage_c_forward,recovery,31411.5,106.0,0.0,0.0,-452.18159727262173,-701.3368268442355,1162.6661765999997,0.0,0.0,0.0,-0.0,-0.0,-0.0,-0.0,-0.0,-0.0,0.0,-0.0,True,0.0,0.0,0.0
stage_c_forward,recovery,31776.75,107.0,0.0,0.0,-452.4011485299088,-701.925589615271,1162.6661765999997,0.0,0.0,0.0,-0.0,-0.0,-0.0,-0.0,-0.0,-0.0,0.0,-0.0,True,0.0,0.0,0.0
stage_c_forward,recovery,32142.0,108.0,0.0,0.0,-452.615930950079,-702.4834610595693,1162.6661765999997,0.0,0.0,0.0,-0.0,-0.0,-0.0,-0.0,-0.0,-0.0,0.0,-0.0,True,0.0,0.0,0.0
stage_c_forward,recovery,32507.25,109.0,0.0,0.0,-452.7989718608442,-702.9747712627872,1162.6661765999997,0.0,0.0,0.0,-0.0,-0.0,-0.0,-0.0,-0.0,-0.0,0.0,-0.0,True,0.0,0.0,0.0
stage_c_forward,recovery,32872.5,110.0,0.0,0.0,-452.9772457680465,-703.4382661993155,1162.6661765999997,0.0,0.0,0.0,-0.0,-0.0,-0.0,-0.0,-0.0,-0.0,0.0,-0.0,True,0.0,0.0,0.0
stage_c_forward,recovery,33237.75,111.0,0.0,0.0,-453.13033602106134,-703.84666453363,1162.6661765999997,0.0,0.0,0.0,-0.0,-0.0,-0.0,-0.0,-0.0,-0.0,0.0,-0.0,True,0.0,0.0,0.0
stage_c_forward,recovery,33603.0,112.0,0.0,0.0,-453.27772558400466,-704.230746665062,1162.6661765999997,0.0,0.0,0.0,-0.0,-0.0,-0.0,-0.0,-0.0,-0.0,0.0,-0.0,True,0.0,0.0,0.0
stage_c_forward,recovery,33968.25,113.0,0.0,0.0,-453.40887751107584,-704.5767604328865,1162.6661765999997,0.0,0.0,0.0,-0.0,-0.0,-0.0,-0.0,-0.0,-0.0,0.0,-0.0,True,0.0,0.0,0.0
stage_c_forward,recovery,34333.5,114.0,0.0,0.0,-453.52757695675064,-704.8866876220434,1162.6661765999997,0.0,0.0,0.0,-0.0,-0.0,-0.0,-0.0,-0.0,-0.0,0.0,-0.0,True,0.0,0.0,0.0
stage_c_forward,recovery,34698.75,115.0,0.0,0.0,-453.6310146100277,-705.1652437982932,1162.6661765999997,0.0,0.0,0.0,-0.0,-0.0,-0.0,-0.0,-0.0,-0.0,0.0,-0.0,True,0.0,0.0,0.0
stage_c_forward,recovery,35064.0,116.0,0.0,0.0,-453.73071976202027,-705.4225920039619,1162.6661765999997,0.0,0.0,0.0,-0.0,-0.0,-0.0,-0.0,-0.0,-0.0,0.0,-0.0,True,0.0,0.0,0.0
stage_c_forward,recovery,35429.25,117.0,0.0,0.0,-453.8188820718251,-705.6553240201084,1162.6661765999997,0.0,0.0,0.0,-0.0,-0.0,-0.0,-0.0,-0.0,-0.0,0.0,-0.0,True,0.0,0.0,0.0
stage_c_forward,recovery,35794.5,118.0,0.0,0.0,-453.89646418962275,-705.8645713779964,1162.6661765999997,0.0,0.0,0.0,-0.0,-0.0,-0.0,-0.0,-0.0,-0.0,0.0,-0.0,True,0.0,0.0,0.0
stage_c_forward,recovery,36159.75,119.0,0.0,0.0,-453.96933976728815,-706.0578106783718,1162.6661765999997,0.0,0.0,0.0,-0.0,-0.0,-0.0,-0.0,-0.0,-0.0,0.0,-0.0,True,0.0,0.0,0.0
stage_c_forward,recovery,36525.0,120.0,0.0,0.0,-454.03771685789434,-706.2380100279478,1162.6661765999997,0.0,0.0,0.0,-0.0,-0.0,-0.0,-0.0,-0.0,-0.0,0.0,-0.0,True,0.0,0.0,0.0
