iteration,total_runs,obs_realization,par_realization,forecast_compliance,forecast_receptor,forecast_recovery,forecast_inflow,head_compliance,head_landholder,head_receptor,budget_mineinflow
0,97,base,base,0,0,0,0,9.00567e-18,4.37188e-19,5.13817e-18,1.75806e-20
0,97,real_0001,real_0001,0,0,0,0,512.553,1.70771,2.77185,0.296625
0,97,real_0002,real_0002,0,0,0,0,1053.91,20.7827,69.8065,12.1469
0,97,real_0003,real_0003,0,0,0,0,1463.17,209.789,339.869,80.7835
0,97,real_0005,real_0005,0,0,0,0,4317.08,17.8088,28.5175,56.082
0,97,real_0006,real_0006,0,0,0,0,10054.6,60.5811,124.7,2.24944
0,97,real_0007,real_0007,0,0,0,0,179.775,0.229354,0.891814,124.234
0,97,real_0008,real_0008,0,0,0,0,5244.05,20.1685,21.4086,87.0344
0,97,real_0009,real_0009,0,0,0,0,3958.52,2.39392,6.38783,33.7051
0,97,real_0010,real_0010,0,0,0,0,5734.81,29.3397,35.5134,94.9615
0,97,real_0011,real_0011,0,0,0,0,110.752,1.79734,0.711186,8.16236
0,97,real_0012,real_0012,0,0,0,0,1294.13,31.6777,41.5038,55.3268
0,97,real_0013,real_0013,0,0,0,0,1556.82,10.4457,17.1688,43.3197
0,97,real_0014,real_0014,0,0,0,0,4241.68,60.2547,149.569,67.0873
0,97,real_0015,real_0015,0,0,0,0,120.04,0.981447,2.45871,32.9942
0,97,real_0016,real_0016,0,0,0,0,288.65,13.8048,20.4505,32.2253
0,97,real_0017,real_0017,0,0,0,0,791.118,90.8809,183.257,0.967737
0,97,real_0018,real_0018,0,0,0,0,1091.79,66.3564,115.451,15.7578
0,97,real_0019,real_0019,0,0,0,0,57.804,4.29259,11.055,5.27919
0,97,real_0020,real_0020,0,0,0,0,199.845,3.29069,0.757236,3.5504
0,97,real_0021,real_0021,0,0,0,0,1247.16,5.17314,6.58526,131.714
0,97,real_0022,real_0022,0,0,0,0,284.027,5.98747,11.5239,20.5317
0,97,real_0023,real_0023,0,0,0,0,3519.94,18.0188,26.397,0.269774
0,97,real_0024,real_0024,0,0,0,0,307.592,9.39347,23.9732,31.567
0,97,real_0025,real_0025,0,0,0,0,552.422,22.2918,30.3043,78.9206
0,97,real_0026,real_0026,0,0,0,0,270.362,0.289111,0.470401,17.0702
0,97,real_0027,real_0027,0,0,0,0,5118.27,17.1434,17.842,48.0768
0,97,real_0028,real_0028,0,0,0,0,2326.85,19.2079,28.3592,0.613026
0,97,real_0029,real_0029,0,0,0,0,208.341,5.48476,9.40441,53.7062
0,97,real_0030,real_0030,0,0,0,0,5075.9,161.543,333.252,202.451
0,97,real_0031,real_0031,0,0,0,0,844.746,12.0854,17.3473,101.556
0,97,real_0032,real_0032,0,0,0,0,2258.76,7.82382,8.54716,23.9561
0,97,real_0034,real_0034,0,0,0,0,169.812,4.89391,10.2713,12.6524
0,97,real_0035,real_0035,0,0,0,0,872.235,172.365,265.757,6.3501
0,97,real_0036,real_0036,0,0,0,0,184.116,50.3937,91.79,0.424831
0,97,real_0037,real_0037,0,0,0,0,280.248,0.994297,6.04943,8.56924
0,97,real_0038,real_0038,0,0,0,0,82.7147,0.755213,0.953308,4.85169
0,97,real_0039,real_0039,0,0,0,0,1249.54,8.22648,10.4192,147.654
0,97,real_0040,real_0040,0,0,0,0,82.7087,2.86236,1.99909,0.640101
0,97,real_0041,real_0041,0,0,0,0,2638.76,7.5714,13.7165,0.203393
0,97,real_0042,real_0042,0,0,0,0,1498.25,584.327,854.846,618.287
0,97,real_0043,real_0043,0,0,0,0,1369.04,0.271635,1.45841,1.218
0,97,real_0044,real_0044,0,0,0,0,1271.36,52.1372,100.796,2.46462
0,97,real_0045,real_0045,0,0,0,0,1974.28,308.872,479.664,64.6073
0,97,real_0046,real_0046,0,0,0,0,99.4198,2.71773,11.854,1.56809
0,97,real_0047,real_0047,0,0,0,0,882.886,2.78007,10.3661,0.677511
0,97,real_0048,real_0048,0,0,0,0,9055.68,11.0143,13.9581,121.941
0,97,real_0049,real_0049,0,0,0,0,2642.82,192.402,315.311,22.7298
0,97,real_0050,real_0050,0,0,0,0,795.935,49.0567,111.98,101.039
0,97,real_0051,real_0051,0,0,0,0,302.099,1.19002,8.27364,48.4524
0,97,real_0052,real_0052,0,0,0,0,6443.33,29.6766,41.2811,112.123
0,97,real_0053,real_0053,0,0,0,0,207.783,9.71971,13.6695,6.92875
0,97,real_0054,real_0054,0,0,0,0,69.1893,4.5066,14.7355,21.5339
0,97,real_0055,real_0055,0,0,0,0,805.486,0.259067,1.75591,10.026
0,97,real_0056,real_0056,0,0,0,0,5036.71,1063.94,1483.63,191.838
0,97,real_0057,real_0057,0,0,0,0,5021.36,1422.35,2402.25,241.114
0,97,real_0058,real_0058,0,0,0,0,1166.34,30.1041,33.4987,228.76
0,97,real_0059,real_0059,0,0,0,0,79.698,2.21828,12.386,1.74065
0,97,real_0060,real_0060,0,0,0,0,1306.7,1.90955,4.05268,101.169
0,97,real_0061,real_0061,0,0,0,0,1912.12,4.3957,3.68046,57.4904
0,97,real_0062,real_0062,0,0,0,0,297.992,0.987697,1.44505,20.7862
0,97,real_0063,real_0063,0,0,0,0,708.169,22.2367,41.7214,3.31963
0,97,real_0064,real_0064,0,0,0,0,95.6567,98.1958,186.989,0.526584
0,97,real_0065,real_0065,0,0,0,0,220.711,27.2886,65.5566,67.5786
0,97,real_0066,real_0066,0,0,0,0,376.886,13.0982,31.0585,3.65146
0,97,real_0067,real_0067,0,0,0,0,2391.07,205.344,380.447,194.318
0,97,real_0068,real_0068,0,0,0,0,1415.8,0.758043,1.84451,40.6345
0,97,real_0069,real_0069,0,0,0,0,1028.09,1453.66,2071.55,354.908
0,97,real_0070,real_0070,0,0,0,0,2004.55,0.951451,2.80252,23.0363
0,97,real_0071,real_0071,0,0,0,0,588.035,1.94399,1.26579,21.9882
0,97,real_0072,real_0072,0,0,0,0,874.202,0.00676898,1.06864,8.9894
0,97,real_0073,real_0073,0,0,0,0,1236.62,128.352,203.103,0.725553
0,97,real_0074,real_0074,0,0,0,0,546.292,413.204,674.079,85.3494
0,97,real_0075,real_0075,0,0,0,0,148.278,31.3943,71.2635,8.72724
0,97,real_0076,real_0076,0,0,0,0,50.7807,2.50467,3.39897,6.36044
0,97,real_0077,real_0077,0,0,0,0,2024.26,1.68128,3.58336,2.07728
0,97,real_0078,real_0078,0,0,0,0,2530.94,14.4298,25.8909,2.92982
0,97,real_0079,real_0079,0,0,0,0,480.701,0.815381,1.3518,11.5667
0,97,real_0080,real_0080,0,0,0,0,1103.99,16.0059,36.0558,1.91289
0,97,real_0081,real_0081,0,0,0,0,348.602,6.63141,14.5751,6.51213
0,97,real_0083,real_0083,0,0,0,0,147.134,17.1913,24.6426,8.91795
0,97,real_0084,real_0084,0,0,0,0,874.552,3.92714,9.10724,0.554397
0,97,real_0085,real_0085,0,0,0,0,1108.75,49.6737,108.409,298.476
0,97,real_0086,real_0086,0,0,0,0,906.644,15.0951,24.7441,41.7206
0,97,real_0087,real_0087,0,0,0,0,6705.41,22.0836,33.732,110.188
0,97,real_0088,real_0088,0,0,0,0,4883.72,0.253994,9.46755,41.3528
0,97,real_0089,real_0089,0,0,0,0,1460.73,0.434924,1.94068,9.20424
0,97,real_0090,real_0090,0,0,0,0,281.97,15.8419,42.6866,6.83284
0,97,real_0091,real_0091,0,0,0,0,189.543,1.13632,4.32974,0.492643
0,97,real_0092,real_0092,0,0,0,0,6930.62,11.7414,13.3363,48.3544
0,97,real_0093,real_0093,0,0,0,0,55.8928,1.25059,3.75322,5.51378
0,97,real_0094,real_0094,0,0,0,0,2830.02,2862.56,3752.41,110.508
0,97,real_0095,real_0095,0,0,0,0,1420.34,545.323,876.479,39.3563
0,97,real_0096,real_0096,0,0,0,0,1575.74,5.57537,17.5383,30.682
0,97,real_0097,real_0097,0,0,0,0,87.4066,266.477,376.497,4.59265
0,97,real_0098,real_0098,0,0,0,0,5782.14,13.7526,18.2062,148.054
0,97,real_0099,real_0099,0,0,0,0,302.138,93.1363,159.997,12.6153
1,257,base,base,0,0,0,0,9.00567e-18,4.37188e-19,5.13817e-18,1.75806e-20
1,257,real_0001,real_0001,0,0,0,0,20.487,1.48128,2.55256,1.10277
1,257,real_0002,real_0002,0,0,0,0,7.86272,0.608807,0.351041,0.182514
1,257,real_0003,real_0003,0,0,0,0,63.7672,1.62098,4.20537,0.208898
1,257,real_0006,real_0006,0,0,0,0,39.7778,0.0886624,0.371445,1.67466
1,257,real_0007,real_0007,0,0,0,0,46.3572,0.208939,0.858747,0.378773
1,257,real_0008,real_0008,0,0,0,0,59.8878,6.46271,6.09522,4.27894
1,257,real_0009,real_0009,0,0,0,0,32.6889,3.16372,8.34992,0.449554
1,257,real_0010,real_0010,0,0,0,0,66.0647,5.56346,5.69428,3.13278
1,257,real_0011,real_0011,0,0,0,0,6.85359,0.976811,0.072654,0.295337
1,257,real_0012,real_0012,0,0,0,0,208.004,2.91634,6.67828,1.66364
1,257,real_0013,real_0013,0,0,0,0,9.0198,0.592539,1.03115,0.0511168
1,257,real_0014,real_0014,0,0,0,0,12.0833,1.09978,0.922783,0.497845
1,257,real_0015,real_0015,0,0,0,0,3.24555,0.0793447,0.118376,2.25901
1,257,real_0016,real_0016,0,0,0,0,25.6142,1.04974,2.48923,0.578764
1,257,real_0017,real_0017,0,0,0,0,77.7025,0.194321,1.57678,0.972576
1,257,real_0018,real_0018,0,0,0,0,2.53167,0.234342,0.745508,0.18083
1,257,real_0019,real_0019,0,0,0,0,4.24623,2.48603,6.97154,0.12056
1,257,real_0020,real_0020,0,0,0,0,2.40004,4.29432,2.39657,0.59736
1,257,real_0021,real_0021,0,0,0,0,3.47078,1.21921,0.874863,0.393428
1,257,real_0022,real_0022,0,0,0,0,3.7352,0.0974442,0.317577,0.0843442
1,257,real_0023,real_0023,0,0,0,0,19.2362,1.92244,2.93015,2.77317
1,257,real_0024,real_0024,0,0,0,0,5.33889,2.71948,8.91967,0.14064
1,257,real_0025,real_0025,0,0,0,0,25.092,8.31388,9.81654,12.3769
1,257,real_0026,real_0026,0,0,0,0,13.9457,0.915053,1.17561,5.68446
1,257,real_0027,real_0027,0,0,0,0,94.6933,4.9891,3.70148,0.214887
1,257,real_0028,real_0028,0,0,0,0,7.52422,5.30417,8.39937,0.397151
1,257,real_0029,real_0029,0,0,0,0,14.5184,0.235021,0.336597,8.88643
1,257,real_0030,real_0030,0,0,0,0,64.5999,0.887462,0.89434,4.83522
1,257,real_0031,real_0031,0,0,0,0,3.26918,3.23803,2.95705,4.16324
1,257,real_0032,real_0032,0,0,0,0,22.4899,2.28105,3.52727,0.020212
1,257,real_0034,real_0034,0,0,0,0,6.43855,0.513602,1.75133,0.0720706
1,257,real_0035,real_0035,0,0,0,0,4.85403,0.186321,0.0166388,1.33466
1,257,real_0036,real_0036,0,0,0,0,43.0931,0.263944,1.74143,0.0762385
1,257,real_0037,real_0037,0,0,0,0,2.95857,0.404056,1.7499,0.00852957
1,257,real_0038,real_0038,0,0,0,0,2.20761,0.0400764,0.452621,0.171987
1,257,real_0039,real_0039,0,0,0,0,25.8151,6.86673,7.09893,5.55211
1,257,real_0040,real_0040,0,0,0,0,8.22052,3.08001,2.20494,0.6565
1,257,real_0041,real_0041,0,0,0,0,11.3268,26.2193,60.6558,2.48487
1,257,real_0042,real_0042,0,0,0,0,23.0756,2.1554,4.82463,7.84507
1,257,real_0045,real_0045,0,0,0,0,20.8605,0.957493,0.985053,0.174624
1,257,real_0046,real_0046,0,0,0,0,5.6897,1.65894,0.0662781,0.2196
1,257,real_0047,real_0047,0,0,0,0,3.79494,1.69748,4.03779,1.04121
1,257,real_0048,real_0048,0,0,0,0,524.245,0.0564839,0.487809,14.5682
1,257,real_0049,real_0049,0,0,0,0,7.15998,0.305425,0.251072,0.0696344
1,257,real_0050,real_0050,0,0,0,0,38.8952,3.553,22.2233,0.932265
1,257,real_0053,real_0053,0,0,0,0,2.01416,3.5699,4.36764,0.0137182
1,257,real_0054,real_0054,0,0,0,0,3.81354,0.110812,0.262158,0.0333436
1,257,real_0056,real_0056,0,0,0,0,19.9439,2.15164,3.1424,1.94105
1,257,real_0057,real_0057,0,0,0,0,12.7627,3.58047,7.68199,4.52748
1,257,real_0058,real_0058,0,0,0,0,21.2322,2.99699,0.94142,1.56257
1,257,real_0059,real_0059,0,0,0,0,1.21773,0.900741,5.94973,0.0168203
1,257,real_0060,real_0060,0,0,0,0,13.7921,1.07873,2.64803,0.699925
1,257,real_0061,real_0061,0,0,0,0,7.92711,0.402975,3.66554,3.35207
1,257,real_0062,real_0062,0,0,0,0,14.5558,0.482138,0.674833,1.10688
1,257,real_0063,real_0063,0,0,0,0,1.33292,2.60599,1.14233,1.27306
1,257,real_0064,real_0064,0,0,0,0,2.57171,0.833796,0.663752,1.49486
1,257,real_0065,real_0065,0,0,0,0,35.3741,0.962553,2.0785,0.605063
1,257,real_0066,real_0066,0,0,0,0,2.66209,0.326404,0.174381,0.0783282
1,257,real_0067,real_0067,0,0,0,0,39.3086,1.2347,3.97494,0.374746
1,257,real_0068,real_0068,0,0,0,0,37.1477,0.112885,1.36833,5.25253
1,257,real_0069,real_0069,0,0,0,0,9.06392,1.20093,3.97917,1.34012
1,257,real_0070,real_0070,0,0,0,0,29.7833,1.87144,7.34936,0.132054
1,257,real_0071,real_0071,0,0,0,0,19.3027,0.545127,0.293782,1.3087
1,257,real_0072,real_0072,0,0,0,0,6.79231,0.248941,2.81449,0.182296
1,257,real_0073,real_0073,0,0,0,0,0.682623,5.34081,8.47862,0.315433
1,257,real_0074,real_0074,0,0,0,0,8.75903,0.437661,0.243269,0.0770111
1,257,real_0075,real_0075,0,0,0,0,3.13101,1.88353,2.9476,0.653996
1,257,real_0076,real_0076,0,0,0,0,1.26905,1.12501,0.97633,0.273687
1,257,real_0078,real_0078,0,0,0,0,10.9031,1.1247,4.59088,0.0434452
1,257,real_0079,real_0079,0,0,0,0,1.44532,0.933748,1.11336,0.0646839
1,257,real_0080,real_0080,0,0,0,0,3.1821,0.299307,1.65571,0.396589
1,257,real_0081,real_0081,0,0,0,0,1.66483,0.975415,1.04,0.51406
1,257,real_0083,real_0083,0,0,0,0,32.3258,7.16181,9.29119,0.503942
1,257,real_0084,real_0084,0,0,0,0,8.8139,2.45895,5.20724,0.303782
1,257,real_0085,real_0085,0,0,0,0,29.539,0.0669854,1.33162,0.222344
1,257,real_0086,real_0086,0,0,0,0,71.2612,0.810377,1.37833,0.841128
1,257,real_0087,real_0087,0,0,0,0,79.1315,3.65837,11.8012,7.91311
1,257,real_0088,real_0088,0,0,0,0,15.4394,0.684883,10.5622,1.91649
1,257,real_0089,real_0089,0,0,0,0,24.8678,0.181491,0.753693,2.22037
1,257,real_0090,real_0090,0,0,0,0,9.53665,0.0213966,0.185853,0.355759
1,257,real_0091,real_0091,0,0,0,0,10.3119,0.147659,0.0611924,0.715027
1,257,real_0092,real_0092,0,0,0,0,33.9376,0.0998895,1.51216,1.19214
1,257,real_0093,real_0093,0,0,0,0,1.22119,0.0300314,0.344542,0.236084
1,257,real_0094,real_0094,0,0,0,0,7.65072,2.52509,3.56781,1.0752
1,257,real_0095,real_0095,0,0,0,0,10.2281,1.36714,1.46608,0.398171
1,257,real_0096,real_0096,0,0,0,0,17.0693,0.587363,3.24975,1.19305
1,257,real_0097,real_0097,0,0,0,0,9.27567,3.9009,11.9222,0.0709799
1,257,real_0098,real_0098,0,0,0,0,64.2897,1.43758,4.89832,3.11843
1,257,real_0099,real_0099,0,0,0,0,4.38605,0.943154,0.0182799,1.97759
