,backfill_mult,channel_mult,ghbcond_mult,pp_lower_001,pp_lower_002,pp_lower_003,pp_lower_004,pp_lower_005,pp_lower_006,pp_lower_007,pp_lower_008,pp_lower_009,pp_lower_010,pp_lower_011,pp_lower_012,pp_lower_013,pp_lower_014,pp_lower_015,pp_main_001,pp_main_002,pp_main_003,pp_main_004,pp_main_005,pp_main_006,pp_main_007,pp_main_008,pp_main_009,pp_main_010,pp_main_011,pp_main_012,pp_main_013,pp_main_014,pp_main_015,pp_main_016,pp_main_017,pp_main_018,pp_main_019,pp_main_020,pp_main_021,pp_main_022,pp_main_023,pp_main_024,pp_main_025,pp_main_026,pp_main_027,pp_main_028,pp_main_029,pp_main_030,pp_main_031,pp_main_032,pp_main_033,pp_main_034,pp_main_035,pp_upper_001,pp_upper_002,pp_upper_003,pp_upper_004,pp_upper_005,pp_upper_006,pp_upper_007,pp_upper_008,pp_upper_009,pp_upper_010,pp_upper_011,pp_upper_012,pp_upper_013,pp_upper_014,pp_upper_015,rch_mult,riverbedk_mult
real_0021,0.8180802427622357,0.9651233549993682,1.0380543590122053,-0.2862286780301108,0.1825710360480169,0.07562611707301484,0.04612432786329547,-0.17915735784544637,-0.30357412033285636,0.2717073486769387,0.05585630952389334,-0.05257975843049185,-0.47148189846985733,-0.04171681975671982,-0.22274236011609766,-0.5269154530380882,-0.026855107771692442,0.0517177968251358,-0.18035316403770696,0.12175571755240984,-0.03743366115680117,-0.3096527861027579,-0.07841866380802984,-0.3572835021355644,0.04664860414794306,0.15246367488143286,0.2596501591908723,-0.17455800792655218,-0.09011388044623511,0.02771344214750819,0.13799319214565742,-0.5091041682911891,-0.13903920316140672,0.28831354732569775,-0.0832324075495245,-0.13864062666118934,-0.3773664258318856,0.36381947384913477,-0.03245611020137863,-0.10944959355270142,0.16042337036290621,0.1480185497384509,0.2322016908860643,0.1188686309596835,0.18661776943330033,0.16193030464388214,-0.4252310467533055,-0.027809992558163105,0.0012097149699182574,0.45787178184837307,0.05914181188577901,0.1069229440727543,0.7378179436167908,-0.028451715465055545,-0.4130854687916827,-0.5092492336451512,0.01968222170897858,-0.20269546537505043,-0.3066404599606201,-0.5294748448182474,-0.17645694564997352,0.003970808941300891,-0.2746887463777935,0.16271470441659364,-0.24620919465156677,-0.6430373777382188,0.03937906653849123,0.15817458218044317,0.9258820288938105,1.0305190410402725
real_0067,0.8438514830239778,1.0054430824691658,0.9541186463988586,0.13488143759277182,0.2107671582054275,0.06458055723431408,0.2505494669234896,0.5263140027787759,-0.12152923937745755,-0.26250904017217513,-0.09377531688496124,-0.2049306889977517,-0.04036315638869511,-0.25306988796557267,0.17253037624583487,0.09466597928986345,0.08714487102539228,-0.118039296812207,0.030101323379101652,0.4006753371914487,0.3737383070246597,0.15494915146891416,0.28162975460610246,-0.12983419172506677,0.5532221834751626,0.01984598731146381,-0.36337428817823886,-0.18470132877816434,-0.2767937982828806,-0.11202421767103717,-0.16757882419022416,-0.06719054865404933,0.35341185160338506,0.5463524805509392,0.2758777081795477,-0.07180392487513322,-0.03992766194756313,0.006267344566506218,-0.09716866184248639,-0.5893878504829226,-0.11152790271324653,0.375530895176454,-0.27360463677554236,-0.13421521598871722,0.1388862306514562,0.5333903733591302,-0.40844409118474595,-0.48476769300719197,-0.2445770746464445,0.3031464496098772,-0.1737371423871793,0.23069191922582805,0.0684765103438835,0.1560288155337571,-0.4792713439207587,0.29101973891997945,0.14925730930694323,-0.09837310430023052,-0.07894297187216136,-0.411303020668785,-0.6598913399684573,0.1529529741759359,0.058867352247026127,-0.44816758621758024,-0.021866572621383577,-0.2702331180516272,-0.2657888933318146,-0.1583352534481056,0.993640375728712,0.7382939586795485
real_0099,0.8515567544443994,1.0898122795468224,1.0868321887185823,-0.11425857137592713,0.22258784299888676,0.07469905602029546,-0.1390174316292733,-0.02181179827067523,0.10579282220861921,0.09802847550965914,-0.1914998609489094,0.05427032301126135,-0.23296050485215464,0.10607807446214249,-0.17048736548441287,0.11274370819207562,0.0716756665712211,-0.25804957650853494,0.35525308859060206,-0.14939725596870346,-0.12798287341452794,0.40358206365511956,0.07745214429158445,0.08645729605211898,-0.2174026511879138,-0.7129077124347556,-0.4098621101507939,-0.3583220706853449,-0.25488142686787574,0.23667361443064389,0.22947742349503777,0.2070365407444342,-0.3146976145446707,0.1273461882155344,0.33462166714834596,-0.1665579283972619,-0.3464566938814971,0.04752815658991861,-0.20413276356085486,-0.1277243694592351,0.6162262058096304,0.2525803239841841,0.02821622219378391,0.446479452131692,-0.014594734640063544,0.14868861011439238,0.28268901014144326,0.1537690682201318,0.0574585646686671,0.10788357108511812,0.32114436063944,0.5403744586984844,0.35522033087354765,-0.16994360160532057,0.12367972110590322,-0.4002415182585294,-0.0662071810900951,0.03609385082249595,0.04560690675116266,0.06783258729095126,-0.07805149453827129,-0.006771610366327037,-0.11383805563983436,-0.032120749778721314,0.2950596644477846,-0.09827119430093784,0.13795626679573356,0.6080200234605387,1.0597961134493934,0.8183410713150044
real_0068,1.1970591590723314,0.965552601375824,0.940857969871768,0.34572787325051607,0.4352846463830823,0.1720597003275421,-0.3818494533807477,0.10767090391230598,0.07543432207532738,0.5151962044191893,0.005150508003792978,-0.11556439876890788,-0.22367235918157766,0.13903224802928593,0.2991448034892605,-0.3308403680205117,-0.31891281664166127,-0.2251090131116432,0.32881337697579943,0.21377615120284382,-0.0258977859124353,-0.7489652032777138,-0.39117281108535945,-0.2543234432530963,0.038458530186711956,0.22073445257269916,0.7159476685269273,0.3424147718141627,0.04759113868255526,-0.2131740959619805,0.3236132851963803,-0.7154945957489518,-0.7619596026681764,-0.5980713526758716,0.13083355888963635,0.08758270289591677,0.1023730821975265,-0.15133140695957478,-0.4350095012824132,-0.5992591854850078,-0.4378323748147746,-0.5471315916587147,-0.09667163745100246,0.3363939659982099,0.412629242984617,-0.14973666058316895,0.26885056723399675,-0.3856171188253839,0.11540244071803184,0.06555268708723887,-0.00719166514510057,0.178940042761621,0.5170635498778889,-0.019690227843274656,-0.3348651536679674,0.34254852064143126,0.08487838561657966,-0.2326887559318303,-0.006161339591008954,-0.25121373921801154,0.34296268430701615,0.145878006798787,-0.15693892630120282,0.1836587972980374,-0.1271729349238379,0.09900521444413579,-0.01723715536782522,-0.023658547570132915,0.9220818579455385,0.9637853308711645
real_0074,1.2501500834445418,0.9883308924549551,1.0989590672152447,-0.21775495520702265,0.4596922437712963,0.26086091537332695,-0.1683110727477518,-0.014646343278991121,-0.23890586152881646,0.32543997987826984,-0.03910080044590408,-0.05416496297869203,-0.5241569119925364,0.09668493576218246,0.2709565465408153,-0.06915226073056083,-0.37576125999075827,-0.18506992522229704,0.2740862311492663,0.436396136048295,-0.024791401459346007,-0.5544403786164667,-0.14465512730028396,-0.1709461364779705,0.38636133797966904,-0.37497850233685714,0.0013593670105810848,0.6782801505038326,-0.23229262963854533,-0.19977057614929597,-0.1387078413187554,0.5251868494946889,0.05803412689124013,0.13404632304710026,-0.014590720703023528,0.018579728619648746,0.013890981842603888,0.19718685898716348,0.03258341788639135,-0.0512936133764844,0.03828940926388622,-0.18313588068055275,-0.1692833113187795,0.8048497958383951,-0.7009784626393765,-0.03895022657041028,-0.278963360597099,-0.2109082889969744,-0.6385234808700445,-0.014338526380849446,-0.04601678150898693,-0.34858493115417966,0.38987106963637835,-0.3723129129149866,0.06349716514649068,-0.30466180213866095,0.2043324424742669,-0.3271460351081303,-0.10478935101559121,-0.2597457810202159,-0.12271422587955061,0.09715623240104734,-0.16033164308479342,0.011330201532381554,-0.07738487386445456,0.045200328040774854,0.2869589026575768,0.28939186262199357,1.0276686234029988,0.7796263188799699
real_0019,0.7217492446483245,1.1904651412710148,1.1544008656857132,-0.24200720946218227,-0.3075621854699033,-0.62594937983514,0.20260656799074983,0.18593454561277592,0.4930680588065919,-0.22729723547790218,-0.19999221276440046,-0.2685051838037843,0.2251475625394682,0.6400662404601561,-0.2839044539538229,0.30084311756878174,0.14819624225500316,0.06621239386820137,-0.10830899755421602,-0.48447009329202934,0.27515424270215183,-0.04872160595360257,0.3448895579649239,-0.014836274231041138,-0.12179486491758071,0.12670302879873802,-0.39759397999667234,-0.2999194518920789,0.35419097153182766,-0.3100941053999574,0.45097214545829867,-0.41067697104946577,-0.5101699316933619,0.4927554429594367,-0.29494383222008186,-0.11767861577851912,-0.23040646322881939,0.3391315094987347,-0.320301537990601,0.1607259431329639,0.3937799601231585,0.2481789860001418,0.3272879488898414,0.4466256504577472,-0.5646654436535842,-0.03873969383655307,-0.30860608733357225,-0.18807026033050436,0.15434463612133648,0.14578675626476761,-0.13339592600880493,0.44418916601738917,0.14639033750838207,-0.1832866164112991,-0.37913731916956395,0.11323437268513444,-0.0353039245406623,-0.0874810934377906,-0.31602511749172824,-0.47056984376887256,-0.1679689906899803,0.03421496816869554,0.3380150253618718,-0.12828047107974797,0.08240341766290629,-0.04676834947235623,0.7612336684769716,0.4561571732520062,1.1466012313194,0.843946936653524
real_0002,0.905012098852134,1.0414086443922725,0.8210728726155406,0.41606084188435283,0.01481199093858522,0.48963372919070575,0.42504957131271737,-0.6252796805873287,0.09828262391740672,-0.2901890909325285,0.05822580598342362,0.12489255187648321,0.24399941475577638,-0.10353521958600007,-0.7724207294306985,-0.21242271118173994,0.3698321818281541,0.17574064975200776,-0.06425217073551945,0.8067678989162063,-0.3658848468032072,-0.07565780651239214,-0.0037419524284811757,0.41544232275849163,0.20910687546867426,0.28994054261527513,0.04898721503305138,-0.026393556559181734,-0.005523474598279964,-0.09674695284421493,0.07454254547901697,0.3171243528135176,-0.3423640646931829,-0.3428971111163766,-0.262189772089359,0.030544125541959656,0.04658882034386065,-0.06666038969261315,0.6449917889483133,-0.17697028840729073,-0.12500685083909321,0.3446834098700114,0.6816025595145829,0.12789595034603404,-0.562135709759371,-0.10857257633197004,-0.47643019377512674,0.3281404862625887,0.44600885597437634,0.17910765690306046,-0.25556653428477216,-0.5640673398995151,-0.2222671085944928,0.1897208831464183,-0.12536512629552268,0.8229831510290984,0.5627333944565885,-0.24308492591663775,-0.028922406059378878,0.041901410847199026,0.3520477208540632,0.16128856213630377,-0.11852493311556893,0.8035820527509968,0.16421211126652033,-0.1323231257545247,0.3293035580025513,-0.19415199500997685,0.8740944194346503,0.8785537759110558
real_0006,0.9969086459197992,1.1327081791862512,0.9372507939402325,0.0257542983985247,-0.10307515943817719,0.041135238686266666,0.2615927923147673,0.054912789046761945,-0.44045189641489274,0.2339199640108456,-0.09292344013808121,0.1816304467488173,-0.1421818450364384,-0.2979127766369808,0.14298945103905733,-0.15933067905315668,0.1420308702693746,0.017078909102151957,0.19655584439491228,0.07307096394775704,0.1058293329704253,-0.3150522139995803,-0.2852203211860153,0.1297227705439073,-0.1474000005445958,-0.15763155523787853,0.30726702048178717,-0.36939317184425713,0.1223816624044566,0.05810802390585072,-0.3387592534293443,-0.6594403851625219,-0.5569045021644384,0.22444388885646163,-0.0018248291951623863,-0.03299388184246532,-0.05292310354560833,-0.008939262242267865,0.09547756858250131,-0.30328995359236277,0.014393832130422446,0.07868466231020611,0.25699875218063206,-0.1111143940216792,0.20902948773052002,0.6456895755441608,-0.10308526556515386,0.20031429572758014,0.2869432863844741,0.002521550997224252,0.06047642220357112,0.01628558903780284,0.1033616219523612,0.15474764190442547,0.2242634515813661,-0.03173800906488263,0.3070427008217494,0.3311823412058655,0.06541318915097323,0.00602986632425611,0.3541233265010004,0.17910393724861012,-0.15883664178540274,0.006703467004898964,-0.12487831106183786,-0.005955765031109745,-0.11016728790753391,-0.34978825188794566,0.86395314224445,1.036155425483949
real_0009,1.448789059700906,0.9150883370773877,1.097299202681896,0.2671692445683339,-0.10240877535606491,-0.2844444692783552,0.05969668769253061,0.12537208798519817,0.273988982027336,-0.09041874450779677,0.04119832989915564,0.47415087144322926,0.26475898678866616,-0.1110638862484874,-0.22575267648821068,-0.17937293721596648,0.13614163555835845,0.06345418533910212,-0.5282762646673822,-0.09831420347097947,0.22296662567792416,-0.24810846758895963,-0.11374612891509758,0.17025649946090263,-0.3479475605797947,-0.38665841580235205,0.13605899202658156,-0.039033463948729544,0.6555756280722176,-0.018381620097829177,0.09981563061088661,-0.08658080447855684,0.14667647337085615,0.03153219151617774,-0.02803220890437979,0.08098567342826751,0.014550112240104524,0.029073668482335842,0.32696681642908954,0.43109888710422467,0.2517902236841003,-0.6709424275493763,0.1904534778837587,-0.24456258633932526,-0.3534806605253413,0.01902923653900472,0.4123777098642481,-0.33701370883026727,0.10975629939144524,-0.6958882105691553,-0.5536778976473803,-0.4438038833079341,0.09637734289188554,0.12842621490808573,0.29580926824353976,-0.32695164554596234,-0.20505162269110602,0.17928091984091474,0.019297039128424433,0.3370207186332851,0.07173131690832285,-0.1062915608726791,0.24114641965125044,0.5893994372251435,0.3731871788758299,0.46212926458049336,0.14247568564223642,0.17605220941231603,1.041705640889771,0.8350483471941009
real_0014,0.8334317239825556,0.8181192302915044,1.1345081696905928,-0.3308898417801992,-0.11308911098102069,0.6591590524556575,0.16506862036926276,0.0394847781920154,-0.024196198725156926,-0.13760779718832827,0.30326163049048904,-0.055754100085942386,-0.4133824407644724,-0.44832166671088886,-0.6044343002524911,-0.2690372124360794,-0.2699401834405371,0.18388567555723268,0.18641491247689437,-0.5435951432640632,-0.8274058222044899,-0.007830470819048748,0.16099174515404568,0.7016115867383217,0.5166754742731369,0.6955433486186688,-0.059541076208579666,-0.10232325861918637,0.07806239438447016,-0.3225857504878601,-0.16935326605403325,-0.33698013934725174,-0.41246983999569914,0.021326883619093875,0.2420180252689354,0.0639549600573429,0.043308506174978785,0.26865127982062975,0.2917436176809155,0.10659213327494915,0.12626376357973235,-0.12379058528492656,-0.1266175582413699,0.2311774318432516,-0.1145987725552596,-0.2556987789168716,-0.04586409907231937,0.29561675466579074,-0.13888219684581773,0.20410128439730724,0.08116173559191502,-0.528969196784372,-0.061562455948215106,-0.6177216938945916,-0.5112261968389006,-0.3192662628255867,0.001298911475316706,-0.10166557736948992,-0.5718631620569654,-0.7481847068401913,-0.05219178732903669,-0.023881800446754184,-0.5144164469793402,-0.6147768557015595,-0.597525090816505,-0.2440437399425556,0.30232067587075717,-0.3753550217995152,1.1833938485281053,1.0583175692805742
real_0017,0.7496667005840948,1.071455988239656,1.019046753148799,-0.1378314023170395,0.16767586044803773,-0.02173248710396815,0.16161199038650192,-0.40373494637156804,0.15269016046409567,-0.15581857149301964,0.11645703626066709,-0.30584665860699334,-0.5018319346269923,0.08052263164204121,0.06289501905723924,-0.20823695022394642,-0.04266916153153017,-0.5586495666966437,0.004797780826797771,-0.3070171333292397,-0.3891986372767797,-0.19729301623519618,-0.34847595460518843,-0.5226242424317498,0.676439606509858,-0.5453776248036729,-0.18981073562178669,-0.1605907924552636,-0.3687677860122181,0.12497963405102885,-0.08246752780686686,0.6649910156670171,-0.06623482993753381,0.20268639479574865,0.24377892978508603,-0.037419244299782606,0.07096517723898034,0.21194608684904526,0.24390775443310997,0.0836388476378468,0.22257208960465022,-0.17879374866381748,-0.03808566618253758,-0.47474817829570054,-0.5380924721964888,0.17905028311331628,0.13783720142184663,0.07618533145085932,-0.019174517600991696,0.004859458889285337,-0.054483869513590445,-0.115517268373126,-0.07926838580926693,0.07075297198832174,0.38371143932295215,-0.010560175808949586,-0.2597399456146346,-0.8270590035752827,1.1930310571468122e-05,-0.1005323031350069,-0.23553835565563314,-0.12301636255985196,-0.32371420770859544,0.22352406180918516,0.3189451682570298,-0.20839764701531577,0.3610038156483208,0.4738418156933443,0.9731960639780937,1.0114194062317545
real_0018,0.49178719265229937,1.0689026316725834,0.9395905399684874,0.35007089625355864,0.3011841474302402,0.29870050918659075,0.3777868582758174,-0.5422553809161322,0.10046381820261233,0.0045553807121180585,0.2560121391040603,-0.6355959925732966,-0.6899375943676762,-0.06519684322606999,0.05097675378237569,-0.8315996787882249,-0.2831176950746531,-0.38609138558722933,-0.3159411946061327,0.0839102392375018,-0.36740454366464875,-0.2768596252717095,0.44823155987374413,0.17591824063993972,0.3094742890853918,-0.03554498332070518,0.1960659486745474,-0.4326331836211032,-0.47738076715690675,0.39178322314548164,0.37440915537922725,-0.1296747721963017,-0.28573655883492,-0.21317739526823956,-0.14188416727712597,0.05259744832437364,0.15206674572726697,-0.12047285304198325,-0.4840349707781311,0.45374538937876757,-0.4659959725992331,0.4741007450845957,0.4654347860301872,0.11252933819498746,-0.4344268055667706,-0.07597498695127212,0.3069105987616047,-0.018649743945517973,0.5312786778590018,0.04786288454055563,-0.057471375167819916,-0.2595468736949859,0.1297749279314703,0.44406126860405903,0.209550322784257,-0.16747321902178677,0.012966118676668427,0.6385417558364147,0.2508890332756119,0.5304155502234813,-0.5904001501220996,0.07169868159705252,0.05747050527937947,0.6394131801308653,0.8194756371149199,0.23141336765438236,0.34324404952912696,0.6087567282213697,0.8674123292612769,1.022831893785262
real_0026,1.042630621076632,1.268043283421509,1.1255657950330011,0.7274807825107753,0.37442449921849735,0.1320246248910975,0.2427633947622202,0.08871047370790411,0.08208194928573613,0.329962864301254,-0.1579136586761553,-0.4628315870735715,0.2331764192292163,-0.281757819574588,-0.12059165753839823,-0.34876141213567174,-0.17825246302037684,0.21479817730503148,-0.7430402255135281,-0.009670180459146333,0.30025172635953107,0.066252944050283,0.8515420879101411,-0.11941800235246378,-0.2995879355388792,-0.2957487611636833,-0.1445703243020865,-0.2850546737742064,-0.15792037919829663,-0.14522384665541144,0.0440925585240891,-0.5165807018373806,-0.13974856435749203,-0.1755375580189332,-0.08343732950178714,-0.07879771850874792,0.005722401408437762,-0.2090689482230174,0.21693473339367816,0.15799073464293475,0.6398857298965108,-0.32116752880026683,0.23217236890250492,0.014035883075252328,0.007993075522781532,0.0003068710951708445,0.18573759071539223,0.12216383919407413,-0.4369852612500971,-0.16107203082571733,-0.018660358117238263,0.11659513849448003,0.13725452421314097,0.318496406536622,-0.04947267985062251,0.05535480624680735,0.028165850255794874,-0.10768824622154968,0.21390060113387319,0.1989551089595029,-0.20911123395037326,0.32907074802724756,0.16423792984895424,0.21037615772408522,0.0802792692471387,-0.025770039163338452,-0.30200235316845353,0.1241367431742856,0.9654382993603067,0.7660789117109299
real_0029,1.051044594155554,0.881990418042677,0.8380656068290505,-0.060352140250734154,0.21076782062608165,-0.12136115364202028,-0.05074728188423831,-0.09368945019344241,0.2939318076524987,-0.015518447033113877,-0.28770182556946755,0.27421514023031807,-0.17260348171337064,0.5760999042554457,0.44480206378706794,0.43813428266271237,0.366249263522608,0.32782845773334635,0.3079709332191232,0.1737127917456665,-0.03067349198487554,0.14869819417970215,-0.09320672488533134,0.05104714840221454,-0.14446632030684892,-0.225053952985203,0.058039535669390005,-0.35880696462413003,0.029268349871401075,-0.44216376304088534,-0.6123649015535955,0.04902252768503568,-0.23413917289937686,-0.11148612728131617,-0.2337613154441885,0.14142622163095867,0.07254923455398483,-0.28287483073992037,0.08456256359196078,-0.29901995717835406,-0.14130354694500719,0.05322416992133841,-0.2634693683397862,0.265737918563779,0.26278342281202893,-0.3322747096702978,0.011395478111971884,-0.07313138896352289,-0.1263896084717019,0.2101333398686953,0.5230538425552584,0.08922586631593488,-0.03495148947898751,0.06521090382273531,0.15605688353769256,0.16940197014464584,0.3067768852795009,-0.06502512215586517,0.3937079660437364,0.084520869975239,-0.13143222097654877,0.22797864043584737,0.24405013829579647,0.2731048227581867,-0.031244705775293695,-0.32326926409919066,0.07744422867823701,0.47211918875526754,1.0824926974521059,0.7191556328795614
real_0034,0.8555133574933594,1.3129173607808857,0.8449847977708861,-0.4575191525743287,-0.42984720723081793,-0.1222419608260879,0.24811397439854663,-0.12634970661794734,0.051257301874377235,-0.2659904429863947,-0.12879533416261874,-0.29089710412329556,-0.2416098704139456,0.22124743674507633,0.08882481324345268,-0.1111822633493668,-0.8430063533969114,-0.11831280585399763,-0.05309757798153113,0.5408244277192639,0.017326073289292823,0.04341950213144581,0.24748328338625328,-0.21914652292177045,-0.09047841205652186,0.17905171200433123,-0.04400933338050579,0.30447713089742523,0.09773531982689812,0.4879381980293726,0.19888373318110109,0.17878344013790087,-0.19778091496336625,0.20784400752533308,0.027860348022437826,-0.2222341916283884,-0.2519511127671333,-0.027134700059817426,0.5156583392971751,0.051410274813484036,-0.09715125828877952,-0.025040693567833457,-0.034257737501160276,-0.1650774100307851,0.04709562678067083,-0.027958309085423343,-0.05942082173138206,-0.8548253036789003,-0.44816964462233605,0.1429086027882111,0.12736819449331538,0.29467950807885857,0.06087739455186677,-0.119290040938879,-0.08622177809796686,-0.1523155887987244,-0.24862402169942432,-0.2393151412749264,0.3463668264877796,-0.11920153652403251,-0.03940802890310534,0.10555049571455995,-0.21264936943074728,0.049199770506962635,0.17531311133706795,0.16053813846950601,0.3256427237194888,0.3110379413610602,0.9852207274535584,0.6488880655498476
real_0035,1.1233964077329854,0.9177969669496339,1.0118442338730642,0.3313797183798302,0.15997572907353494,0.2870811249901983,-0.02304274967873539,0.12936980980805415,0.19443470257093626,0.20154513983136915,-0.0788635951978684,-0.04918137658765135,-0.3072817237061942,0.5341960529459556,0.447708024460836,0.15059930033923247,-0.27524578640283187,-0.4104340733208575,0.29286992211049195,0.5229291869557018,-0.036126769954262325,0.5017024116028572,0.32097447443614935,-0.06796146104479567,0.10574322707737108,0.044483212465958745,-0.010142024564069145,0.23288470055952107,0.11576422040395427,0.03789468495222949,0.4356298454737247,0.03943689254858687,-0.08106073087041961,-0.33390376890854645,-0.08225996282858535,0.000728650028295556,-0.19237385228063764,0.5052514439533337,0.021917561310088967,-0.30437191624548365,-0.4460553711602999,0.03895150324857716,-0.19163103778934582,0.06555879478555134,0.14885273298751658,0.27898591390832944,-0.6888622282520435,-0.4488696729438905,0.49643093671328964,0.4439188634915679,0.08447416344564954,-0.48842867934402107,0.0629409746266516,0.10945808091611378,0.0455722766804357,0.32477430118369266,-0.305461660904394,0.566118133084808,0.2891454151789464,0.24558682945739813,-0.24117760787513073,-0.17161049345583015,0.47833434726743007,-0.17071834557322607,0.6649764424970516,0.685136119109265,0.022817873979519027,0.12716960304936512,1.0642983503488181,0.8724730954852604
real_0036,0.8663491149475211,1.068613493403089,0.8463899597343508,0.2548445787196222,-0.4103919371457166,-0.46283650279973326,-0.2812837614179098,-0.12267600104186342,0.3725961997522489,0.2091989608847175,-0.06685810620511974,-0.1812300397721201,0.13739245292463556,0.32707307031088473,0.20697310968620042,0.2479656453930475,0.4139914880578778,0.13955308517299583,-0.19743960127869226,-0.555539964438997,0.04839162143863117,0.3960284387706483,0.10772465831016925,0.0712067098014238,-0.0904201126780866,0.16335169530856106,-0.232336809488851,0.020574629507360262,0.470413174230113,-0.12927600793567412,0.07762003869748738,0.4961602864071011,-0.296174983066452,-0.1705430720999706,0.12478661748472619,-0.03712022152844445,-0.050509845180760585,0.46281611747195023,-0.0670734185808588,0.10635315179648468,-0.2182679674384577,0.02364220364041871,0.06866737963550829,0.40185319718336965,-0.38600660950765225,-0.04406059331427742,0.03416563611676707,-0.04926204861332871,0.26197480689783836,0.023350426601777885,-0.57631731364605,-0.7410460629895492,-0.05876115803586528,-0.1596627192457118,-0.05705836143540327,-0.11386852164305279,0.20403498423936833,0.2222107770558887,-0.20233265621436555,0.07041402955778264,-0.18332958136430283,0.6545803292918825,0.8249223312250775,0.3176816763191281,-0.004320251689279131,0.37616137319924803,0.15554153105484586,0.4447217358907686,1.2009486612765978,0.8536499275315044
real_0038,1.1170029873944776,1.0142697352681929,1.0521223528397667,-0.5790903135560509,-0.07235648640556999,-0.06941869482035021,-0.4578513223261377,-0.4420545998722517,-0.24856999260876544,0.03440574291870079,-0.07572948196025953,-0.07613210717441793,0.22887074287445933,-0.1924896464608226,0.15275363947391196,0.16101125942354735,0.10660999181257541,0.5160852913787934,0.02777125184218892,0.7999819927741105,-0.26607838199073525,0.08132986799944324,0.12072588269294658,0.06245040676490823,0.4051036872579524,-0.390892722619851,-0.24337978930841872,-0.20739362716228418,0.07252983187647893,-0.5445487095920666,0.37438454849884584,-0.3501778827749489,-0.1180409695294965,-0.34829452809758243,0.2269489445986536,-0.08346111964584417,-0.0898891663569035,0.0208166215095852,0.020809189988739638,0.6599958928367412,0.2020146998204906,-0.13557830897951778,0.4526007642168716,0.15122007419801056,-0.03985479082452752,0.3560417254315083,-0.4569268148270716,0.11559438569064356,0.0250987680331307,0.1199173432902203,0.028907444975784083,-0.2087746149596501,0.24497435373047075,-0.24001810183890535,0.0753723043803171,0.46205573564522134,0.5940234253621604,0.2651634879904539,-0.33673071031218554,-0.6401956493174975,0.15243930511513837,0.2767666532448971,0.19855724119354487,0.2706562603750063,-0.40899684172354883,-0.5385272239465859,-0.4986952972612062,-0.9780793238861132,0.8966175564727171,0.789881978374378
real_0040,1.3083058540037464,1.1706954462722927,1.0974889548019053,-0.3536626805778341,-0.2292831165388778,-0.2893707985657,-0.13897754108505997,-0.3520177799716479,-0.30804284511472924,-0.17842272796201705,0.012181477495508063,-0.46369570130894117,0.2061641873588413,-0.016635679590495285,-0.15239981209542475,0.10001255741197289,-0.09451412341987704,-0.4516888832566979,-0.2530381909274438,0.6163353982168411,0.2765611013601961,-0.08751914378581162,-0.008969756544747997,0.04279298488419944,0.5224852475688219,-0.07844086592757175,-0.21433833064886837,-0.3547068257627854,-0.290127698161754,-0.1439826476697465,0.40384857032286214,0.5794759815022168,-0.39952549254040487,0.37320824395847635,0.0156893278969388,-0.1610143309277547,-0.18639458287585026,0.5001094064573463,0.052106542084898344,-0.15924069417027267,0.19138140492022523,0.47641313602466073,0.23608070457418417,-0.17027124523732887,0.17283055395378905,-0.09821646076996435,-0.07728778492364498,-0.09099389651417436,-0.22398706053634482,-0.6280008617319968,-0.44013967636429263,-0.30687696266742365,0.14963593619228624,0.015060650643215972,0.38893751161530443,0.33676928198751277,-0.19646749619877826,-0.23970759914898412,-0.0072088950069668515,0.016135047875387002,0.21193271442120723,-0.19079424879859763,-0.3071729432830691,0.30134105666493854,0.7211203875681933,0.17537845856748283,0.463697282163326,0.4148554016909308,1.0990189878309906,1.0804764269025422
real_0044,1.0145455348654808,1.1593401541995123,0.9954399341234983,-0.01899109547915473,0.23912235179645816,0.3634161854492096,0.43431648135808454,0.3746963027278479,-0.053426698715275195,-0.22254980574819633,-0.04587204273508824,-0.21719370345921082,-0.17034090790878975,-0.4325905654401943,-0.12142826592052625,0.0008601515075176494,-0.2388181143291215,0.06972075199839471,-0.06992942131797322,0.3967624937543036,0.09107640722393487,-0.5501596353613292,-0.21728362411966146,0.19852700971803336,0.015645924541663782,0.3291834566061112,-0.09035085006152771,-0.14325090228641693,0.004767903778755772,-0.22869880660202002,0.20137403289760272,-0.34269941823781835,-0.2299563252053194,-0.1789043604043477,-0.0757454142644291,-0.23367168793544502,-0.2663619400468147,0.04802329523190835,0.03993037500038747,0.15633241434276057,-0.41598194191665505,0.3456866872077704,0.8170157119883529,0.4177308126535838,0.19740531668905847,0.267917290841902,-0.2796969487342535,-0.10639846509627739,0.4967811801754353,0.43909131135650414,0.007149005751549101,0.17807620376543848,0.8193831424341919,-0.03569699670962076,-0.5408124410913434,-0.254614023479551,0.20763957656559953,0.13124930185329936,-0.24193600790331596,-0.36435068565610174,0.268969020254978,0.0018872006622922127,-0.22047706135967204,0.3277683374784081,0.02726373573880169,-0.22788485466315533,0.20057405009538143,-0.3462074882797837,0.9921171486653272,0.9613561055733659
real_0046,0.9874126958297016,0.9988711791756726,0.7040674025138463,0.5452830060992985,0.28245786143055945,-0.19756718266693535,0.18989384810922633,0.37511255992476145,0.30877368058245314,-0.06496402739731087,-0.07772480049228458,-0.0922671855969857,-0.43030212820369934,-0.3080035890106212,0.28342251006075825,0.2597139884980967,-0.07362216801519005,0.025747054587277794,0.9635835129144315,0.2816287811101534,-0.2853568124508451,-0.36314442407669945,-0.16751282123839872,-0.08176469488840593,-0.3121040928114991,-0.027392656852352953,-0.04868349631663389,-0.5815066245527466,-0.011496525312651846,-0.299255959224195,-0.06407767334520896,-0.17489875686287673,-0.05328945887811449,-0.10474404362845395,0.05030821761352133,0.04778581977743932,0.033911987076627084,0.49830493461996145,0.371213937808185,0.09109999019680855,-0.13936732482306005,0.27189481907106294,0.10244656052735499,0.2601621082831811,-0.8193983095255877,0.3443720642497488,0.15372768239828455,-0.4779730759582588,-0.10229397496337443,-0.044123144869098366,-0.21813425956593832,-0.2484320791075649,-0.20103551330536285,0.04425554599022737,0.1699574858080639,-0.19177835014504532,-0.36063744575870743,0.2509905346793283,0.11201485888292625,0.11624547011904679,0.35049328612141456,0.1354184852362373,-0.11594751298169376,0.04412479094649695,0.140849575725353,0.1647729958492136,0.1854133561821649,0.008162836969319574,1.0077811053047026,0.9374851193684991
real_0054,1.0104768099524366,0.8978352464544689,1.158889938474908,0.20528256675594225,0.5972535619718436,0.2948833527067967,-0.19331885342003485,-0.5560288781126057,0.6023594669395745,0.1766691583136382,-0.2679153281531768,-0.37767051271671076,-0.7212304649768906,0.4256288706324532,0.5239588815533054,0.3859985034858786,0.07869190698833914,-0.2067581915383768,-0.24918705846912426,-0.313231685865268,0.583884784067463,0.15946058163814159,0.3900665281055848,-0.030994599120797453,0.6283722559868276,-0.5316952112779164,-0.213919644195972,-0.07608058579129823,0.5351055337252854,-0.009024528136122404,0.007550608680683708,0.24072043455907466,-0.5036856030292624,0.07860007036967259,-0.10068887543383123,0.0028634552671023775,-0.19762891429240975,0.11222546285741297,0.16064258636612597,0.26162396675728966,0.037244663798026253,-0.14518223395563754,0.061509799950484945,0.28754728539059843,0.548320712524277,-0.2207839257594612,0.21819192012194746,0.6179426352148053,0.05846987236098976,0.10446614631990664,0.015904850746849303,-0.20593139973430713,0.2890217103102013,0.19539755059120942,0.16748370375788177,0.3195528617932913,-0.12944976603638164,-0.8496860795959051,0.3296662956464846,-0.1555499807955513,-0.09371231643577108,0.057635016828833915,0.02507694472753718,0.37913021477729053,0.05662434992964567,-0.3830957337995665,0.3460220513693211,0.6966969220792861,1.0019948269772851,0.8602496477722257
real_0057,1.1314484910996374,0.9084358966386523,1.1113319914557438,-0.07584117903481799,0.05816780774073793,0.038559408313022625,-0.16329127969624313,-0.1982099532875687,-0.02164111448810402,-0.20440777881691966,-0.029559069213799638,0.14735533235950846,-0.09997844872767367,0.1550525839689716,0.0644670346761843,-0.0009696051672887108,0.08484565479623157,0.11891354057562084,0.3282462907001522,0.011414578477278364,-0.17903657410550106,0.19013859816722176,0.32136268317995226,0.16091471985262928,0.10283228198122536,-0.10804374101618688,-0.4326540696568483,-0.17667737876095663,0.3104685395889034,0.15464930892399775,0.08114758377080204,-0.14578265353218373,-0.23544799961159535,0.22189549136955236,-0.09469318147742509,0.059657460155995275,-0.04868924993050178,0.007390622089896217,0.16067659029663875,0.07230443440621923,0.0997045288834838,-0.173860219556167,-0.16765297954241362,-0.17073933641200156,-0.10153830643852071,0.1391926218289517,-0.06062441859478504,-0.14354597107653427,0.17396710151093178,-0.1544687611816379,-0.16843171444088417,-0.3295594923644234,0.07890176567784413,-0.11193674864223224,-0.06405013668011925,0.1976641602162833,0.20361805215530393,0.4325377564831797,-0.1049033547097344,-0.07126278115326451,-0.18109537332345543,0.3042501998064415,0.05770710936011392,-0.22358828454472102,-0.10232173243609721,-0.16144170702739644,0.24135476253951468,0.2696074908509593,0.9799025789332593,0.8827582035572733
real_0058,0.9690483407993602,1.2291176859457449,0.9766593735030524,0.27215237506022205,0.09419657611730502,-0.02674960819152065,0.01609143450295192,0.3406995233385608,0.2927166519058653,-0.10933906692932932,-0.21669275907908975,-0.20813251262298688,0.24388437996871404,0.28815141408028394,-0.19203547813198396,0.14923922302289824,0.09825937517898602,-0.2773647761745273,0.046612318641457144,-0.43328456666174403,-0.06722039876436708,-0.22194812448457155,-0.8671070408660334,-0.3203874315798327,0.0786556081193214,0.09423743395352638,-0.37850597418051746,-0.2953566829621293,-0.47029406422599634,-0.6054626503317363,-0.24227768482708326,0.06153641607821837,-0.11868977163427508,0.21781858754370698,0.019708859298727767,-0.016139649735921746,0.21798077693761692,-0.3528130388678845,-0.5999076472372604,0.1527011391421707,0.13079986299336652,0.29617017055093897,-0.11327773476078239,0.4064955849439124,-0.466744126415319,-0.14958398421908042,0.19408314898882278,0.030583014108347045,0.4067505227036108,-0.6447562650917267,-0.5014050527450714,-0.2656081089181926,-0.08208970936396665,0.3812871691284595,-0.08201621087949075,0.0018371624669696676,0.16509341169112,0.027796511060385547,-0.3611560686238802,-0.07372394004554303,0.1523937192157567,0.38242797307924625,-0.2353476657980966,-0.20496644208008952,-0.41610220486813293,0.047131618476282104,-0.22021088937284927,-0.1335659038003557,1.185928116377247,1.0692827162146092
real_0063,1.2228474484219205,0.7945133135110976,1.0949149482226999,0.22891190617014057,0.3740438113371479,0.007781440667710228,0.03259267520487126,-0.542127449668971,0.5270751221469614,0.07064794384150856,0.08712015343312914,0.09207828635824546,-0.10005666368413096,0.5030371667974417,0.3482135114023252,0.07951406070042294,-0.07148714283887089,0.07301828541863042,-0.38382530413023075,0.3276087349417679,-0.03214677849543546,-0.23139087934117475,0.34646822634767094,0.34098370478357576,-0.04419648059603063,-0.6453655715415663,0.08510976959867045,-0.0717184418647734,0.2892219129161232,0.4602953434466993,0.4203889647029019,-0.6775044561450009,-0.157143303706428,-0.06083615955832019,-0.23619497161569478,0.13211376546296974,0.08463067096851477,-0.03916637520731757,0.24433604910351378,-0.5446116509928378,0.526616763519029,0.20031628496783144,-0.28391461460313755,-0.47711511514835386,0.4520321376191847,0.275291925220253,0.24030404796843938,0.276524850673506,0.23471045101426438,0.18711787711729852,-0.012166870446575846,-0.09272545128244085,0.2824659788624849,0.4933840897959873,0.2875420398102594,0.0857776504371193,-0.061667311508291314,0.22346622291399254,0.567371204006908,0.681996990077403,0.016495313910270946,0.0022228923402859077,0.04894233152576984,0.2153514991340795,-0.3116174891587595,-0.2588331517029135,0.06670197826268492,0.33605686644340205,1.027234014029236,0.8252588054677046
real_0064,0.8336224832882724,1.0966288182209816,0.8983332769308012,-0.01778920679340243,-0.29161614422059556,-0.12090709599849842,0.12121807615683042,-0.15854997452758868,0.019034022631821523,0.27134830498678886,-0.16267138967698333,-0.19705928979046902,-0.19643686409521613,0.07234224703185524,-0.25885378097456,-0.21854869178936634,-0.19320308532148653,-0.19944928441803444,-0.4582531094544231,-0.009881534449805413,0.17977859089227458,-0.34342191640655995,0.05953524612635036,-0.10229819880950977,0.042956817548251175,-0.3261107051365464,0.26522343988669017,-0.3730087797195962,-0.32879630169440466,-0.2706729233532462,-0.03990907356661835,-0.04223414353669101,-0.3122687936883471,-0.1425589662977931,-0.13725296012149332,0.029755042496080436,0.02776929531061446,0.19699752551290972,-0.06626784530429158,0.013153898406600015,0.24297237799090315,0.2722809021546049,0.3888973606689659,0.2874294494349172,-0.22496685658593954,-0.18952907702483324,0.13387998772661194,0.07922125879153642,-0.02685805112091591,0.12763445600900994,0.014336582443500265,-0.02667399871754031,-0.24674094514616188,0.12505602448306002,0.2227755924604108,-0.19802401466828753,-0.06263601897511527,-0.24820037439577988,0.13659463118356047,-0.1171956746406683,0.2564992121080534,-0.085990484024388,0.1763958117316286,0.38697473603733784,0.19651150814624582,0.18372281777339372,0.08647392434032115,-0.09570636931662639,1.086790392932791,0.9036181825729148
real_0065,1.108451340124631,0.9368768112848608,0.9541263843361865,-0.11227059361633432,-0.052420783020727474,0.1278792375056546,-0.03673850037121665,-0.24060093867261198,-0.2287561395508732,-0.04709427860808699,0.11091441452199619,0.707321598080556,-0.021013550955004814,-0.1821523798813419,-0.2606393183302779,-0.2272008929295972,0.16169655917860803,0.12021297952916679,-0.2365401019292408,0.11974683099911702,-0.008134060412771427,0.04032990700950352,0.02908119427804695,0.5213702758210446,0.35703794130690125,0.06491930437491508,0.04392549362256766,0.10170002105282638,-0.2907347927259408,-0.35487276417346814,-0.508854291326061,0.2097580721395463,-0.020898278258783848,0.14312664971521838,0.2937419617638899,0.010309852643197672,0.017816555144801047,-0.3440675438657452,0.20225487685767318,-0.28796121201833924,0.2847589962025322,-0.3063630044574327,-0.05672850959276646,-0.3277752212735905,0.21578040376773722,0.1392723694167555,0.005261149928022242,-0.15008280466340373,0.01703210853349204,-0.47685065950137384,-0.2164399798774021,0.3330019639696532,0.3573531382782269,0.17994469697747245,0.12644069087645193,0.1451687100820508,0.2365984645669115,-0.1240337748081224,0.34426607758759775,0.5110665328992241,0.1508916054791427,0.16632226342062167,-0.19819689744308192,0.10265074467296803,0.23397338939826673,0.06601103253026834,0.3479526799388402,-0.04569723814522468,1.0238803229588922,0.9049834920964143
real_0066,0.9715841800345482,0.8056629959386883,1.236861125947068,0.11353459144877333,-0.1932887146675018,-0.2116828399363612,0.17869553406241231,0.6761251294385406,-0.06565279654015331,-0.3741500181213942,0.06346879178721235,0.6127211193407204,0.18711847705744486,-0.4740033757004267,-0.20430176600498187,-0.004600955173570204,0.3810172236617121,-0.018167085399639248,0.04930290603875583,-0.048399812200039,-0.15314542068207607,-0.17417994750857302,-0.05972617004397431,-0.004153246474364597,0.0816277058104634,-0.21783490149951823,0.04803588443683579,-0.0514329893727047,-0.11993182041003027,0.09064121034139863,0.33697556818452234,-0.03306383795327694,-0.20383943103993526,0.4599614561579617,-0.17608492856823105,0.11663099347442087,-0.15598930304289213,-0.0060648048430966515,0.3184270181653711,-0.03170775167550105,0.2508043482483645,0.21815659155793174,-0.22001474330844648,-0.18299427186448178,-0.00756087625823007,0.16214473135483634,-0.20815982883855733,-0.35153465364656167,0.6234604075275487,0.2652279747319374,0.27165923238107736,0.10760939054166346,0.10859173288787877,-0.13880696444278398,-0.1346190947123941,-0.32318611367237216,0.5902179164194736,0.39393535945671415,-0.4162663350492964,0.13184722950826422,0.5391832196041518,0.19880289053809133,0.5366974406169367,-0.1004771578425659,0.6064407219036596,0.7993833877326508,0.6019403846915747,0.36483582858448704,1.104031276366842,0.5975441873319208
real_0069,1.3351344964730165,1.0405243666403887,1.0071169551391541,0.18348421788069877,-0.08271131424757427,0.13541873334696172,-0.07541062896270745,-0.29047518318653537,-0.04967234811898238,-0.2242460996249827,0.06542429481388037,-0.2945741120547273,-0.4499116023837741,-0.06267006823900817,0.319396586231483,0.13801537888925028,-0.5704443232140455,-0.5386422330565754,0.3011777437410527,0.05401189984928977,0.27855973668927975,-0.035393295276827316,0.4152946501517992,0.04726805424955502,-0.06155535835372812,0.4972263337325539,-0.06706723937528332,-0.5127925963415675,0.09579706982085505,0.19958650107350978,0.0756606630420551,-0.2795078385448349,-0.36839424057556214,0.12365861481944602,0.20684189803517494,-0.0008031831978629559,0.11144694572202801,-0.06659236832508465,0.03652141612133541,-0.06552464883916181,-0.101910750574294,0.10415423979935143,-0.2713583280689415,-0.08511768587425722,0.019213033650537656,-0.48588542957294906,0.029759105485658074,-0.7103389453553726,-0.2322688649480657,0.020247272873450867,-0.09079483151104256,0.16259956641118972,0.06613743266565428,-0.27845198542956934,0.10488291682596149,0.07727570705843939,-0.35261740308379436,-0.10789776827071619,0.12457049059221952,-0.05232376722811916,0.12427414715937933,0.0060382071881162,0.13208124083990694,-0.033243012916848697,0.4978378392639034,-0.18503188784173552,0.04838327273472381,-0.19783124236923982,1.064037264536281,0.9767326959940815
real_0070,1.065201817387523,1.1568474014970311,1.0380342267248677,0.09764705417099473,-0.41925475795206707,-0.2686583727166707,-0.04737389856741295,0.11663815854057052,-0.39513987877670376,0.0026888348103796846,-0.08643239092245307,-0.2875916276984176,0.1417675492677789,-0.032230022601354505,0.19461887310198475,-0.28532346873305153,0.17924588689117432,-0.14657537347013938,-0.07540511607872218,-0.3016163952859088,-0.4427618617428828,-0.2554370747297662,0.22211069810276504,0.05042945568859053,0.4740838091194894,0.32849219595714874,0.4579964022921869,0.16676974174258966,-0.06726552834069549,-0.27583740935861767,-0.24789792551891807,-0.07171627306951217,-0.31429242473312596,-0.10499956560217769,0.31377328737005167,-0.11482127256353246,0.09485235662293749,-0.30235425216998163,0.08025615399575126,0.21059581989028447,-0.057817407534345625,-0.4365029734104115,0.19383584717269411,-0.3417717138502553,-0.13978870620726436,0.029251013463429607,0.05221049094976971,0.1100163740896121,-0.08905332303401808,-0.09054243313675442,0.20031470475059593,-0.12507983269265305,-0.38341529896332577,0.13448969952819112,0.16207895653437815,0.3181738040413069,0.4628645254187408,0.04851884780420773,0.0494769165542305,0.012044666929778958,0.0968692332587602,0.44279060971240913,0.5920959023583712,-0.16704427340512262,0.4123842065226325,0.4455031966442554,-0.07213408988658374,0.13142960938843196,0.9705678366787399,0.6501425310322163
real_0071,1.1281160445611393,0.9701883937166778,1.0033136098859907,-0.22185155640945248,0.11180419269915434,0.2566128136925284,0.029211230856002787,-0.2751171228084932,-0.09838016998886503,-0.06167910547212993,0.10759418486454407,0.2406682915576096,-0.36049856227508315,0.07862467931271055,-0.04926001246633804,-0.2390547762432264,0.14543536913386101,-0.25624227626166063,0.0950518070123823,0.26369991969111656,0.03289848194583328,-0.3786402044316446,0.0024525456114457833,-0.0691721027141701,0.2259883770061662,-0.45315128071224375,-0.17307497599012117,-0.22112367620254092,-0.29138844796554686,-0.1316309807492983,0.01123697068113709,0.3448314335206756,-0.18181297458266626,0.04454919725857037,-0.015127160939634593,-0.061108180139807566,-0.09207021118960884,0.2524160703534632,0.14923175249501283,0.1760054671436334,0.24142947359891945,0.11762672527690121,0.37172351570055295,0.09950543609066749,-0.40638700336428896,0.26294377846903016,-0.20156699698855945,0.015302868765848392,0.21402512997951534,-0.3229828168707007,-0.2773039156086249,0.010787385638794805,0.1703132909392503,-0.417425640754661,0.1762178449236107,-0.11235103180365628,-0.07109307619203978,0.16157407454719122,-0.15630451806162168,-0.16520722940573046,-0.050506639151715035,-0.2213279802080756,-0.20692925945089052,0.037488573763646234,0.24209380362725447,0.21181361535833026,0.3874983673242668,-0.07015460049584274,0.9932803342968298,1.1011550921459428
real_0075,0.8853278962735506,0.7317576228746128,1.026543747657515,0.3253642849622405,0.3988768050374904,0.2538677732570446,-0.4655443684479042,-0.2623412613257182,0.31743999146561563,0.5494228370201341,0.14328451406642947,0.08340724489865846,-0.273239071674712,0.043858793922562825,0.09716365303965947,-0.18733797610252187,0.507166815138102,0.23403880618781117,-0.08363288394171753,0.24913463972119682,-0.08366013082367127,-0.2559477190930803,0.32255954258859454,0.3495773106915374,-0.14322795003453198,0.011370517858110305,-0.1239869933333141,0.1070813856101559,0.5519492541805197,0.037863539674400135,-0.07666758773092913,0.2903240999950108,-0.40892893333225694,-0.09266283616356391,-0.1909347546652303,0.07603985309379074,-0.21072606273886033,0.29848187217513644,0.22459238529809158,0.20792112420815947,0.6205217012905063,-0.1650898215411836,-0.12509030848829866,0.5622739348216038,0.11770219162068735,0.27406937480651306,0.1460038340395253,-0.4985332721245599,-0.49845635576385133,0.44224384912252035,-0.04049632202207586,-0.20984511428083463,0.039334592614091314,0.0917892294563474,0.08207624494767038,0.005533745163518421,-0.058388154365117,-0.04813388142339492,-0.19414312496407976,-0.09479112626837743,0.24368438040323234,-0.13886143469867032,-0.46318567543378414,-0.32660629930244145,0.30376140641405774,0.5102400865197934,0.14987481504887318,-0.06404035704057504,1.0277288988627822,1.1693804071788785
real_0076,0.97740874398434,0.8072598411777948,1.3744781286684955,0.24844870358888066,0.3892293951900923,0.44728700908917973,0.01683179157690026,0.0821836943145173,0.3354503022364506,0.027376896557777596,0.20309146335559203,-0.03992678856427191,-0.3994069478088412,0.24311617460468868,-0.3740642977303602,0.01129948940997325,-0.33170469417806187,-0.46232968682227726,-0.36039910176785667,-1.0036303960086665,-0.5216648859387831,-0.7951679256706337,-0.15379314663729726,-0.3872261403593358,0.7253323227549028,-0.7524730937018077,-0.2562865380695077,-0.2749930479943756,0.024279893936299923,-0.02561573127188635,0.05280654959532659,0.16574204966528183,0.23645160399365417,0.377740508079095,-0.042970308757076206,0.1492566880930764,0.18516495198361704,0.09687736598174736,-0.2434677243366993,0.08129623654858442,0.455217017926136,-0.053588691791994325,-0.05404194253387046,-0.08892433989700109,0.11591974201109231,0.03896456077139702,0.0982592686392802,-0.1198236831246682,0.08605319721796986,0.48678236448375145,-0.05344290620313863,-0.17318938207383366,-0.17875896493365304,1.0,0.2930712301611983,0.2076430948139425,0.6230651720424102,0.3000226793764955,0.36881417380209897,-0.023433842779636192,0.3636683358908574,-0.07771725442492498,0.10881307171382013,-0.239144945748142,0.15525388932986883,-0.07744888250581915,0.010632560609924959,0.19593483594652067,1.1392084660643627,1.0583370246551393
real_0084,1.0583101162374875,1.1866096041673193,0.8515203458057228,-0.2137182056731344,0.21526441515386152,-0.08648519216871871,-0.12607776747539,-0.03354197467769937,0.14071229550147316,-0.08086509542946468,-0.28959308570176845,-0.2030687347547956,-0.3323939064728211,0.1985313078300734,0.3087728727543684,0.09830119044092034,0.12329347294449423,-0.37446297185898714,0.09962919561669223,0.24859900547374758,-0.2663774510113064,-0.03254506581830361,-0.9468198498733388,0.07301070148736725,-0.37984448169418594,0.3486996379034031,-0.1644780288130426,0.20130287932176472,-0.178883257797725,-0.41536649964380495,-0.4597553656536672,-0.2647245161154827,0.21577683511072787,-0.3743295421982465,-0.07667299565402126,-0.1569775767562884,-0.19090028460643066,-0.33390464667085895,-0.3247263248961203,-0.49298463867201325,0.4248596284907982,0.25367194194989146,0.023792069948764042,0.50990528958473,0.0915957432125046,0.47635621622979124,-0.346590380546247,-0.18792664235355452,0.8309626568139727,1.0003213151497625,0.5162597856954498,0.7214020485065318,0.7725417505764656,0.15882611482405629,-0.23670523003051283,-0.018961520724797565,0.33430785712748384,-0.08057071450439637,0.2214454842744228,0.33609102114980227,-0.15049566161689926,0.17962852215132336,-0.1482660778899684,-0.11906277296442344,-0.1655147732526443,0.20701291096193103,0.11720336217251945,-0.1553742019381526,1.0162563264330369,0.9777803688074447
real_0086,1.0188704103875308,1.1873261940932043,0.942822205124809,0.3390800293850997,-0.011089591614805754,-0.3434250740137079,-0.10641354334804476,-0.0011765779381546007,0.03692033726969618,-0.2575953461074461,-0.05477201944374963,-0.23222308956421445,0.12110659307945032,-0.28288566382705754,-0.3589403455150602,0.024610260170941672,-0.17364801557097087,-0.229602759632276,-0.29252797244864664,0.6252971151139868,-0.19838773651193342,-0.08405168791471257,0.11980079583683714,-0.3772040569266855,-0.27658973696480443,0.15900066881384373,-0.0737064048293945,0.26094888705946423,-0.5602348721341145,-0.6913822057015548,0.11523882259573018,0.05777763494837869,-0.18119719227924033,-0.024830309406093022,-0.25541070270017224,-0.046201484841120286,0.09732175738757148,-0.21137774443378066,0.2341443034619911,-0.25807448156457985,0.3347139083269402,0.7916791650064888,0.3870658699805076,0.24655863184321186,-0.28305941167422877,-0.052925184835650944,-0.6507275889236745,-0.3443440365143281,0.13919758467580107,-0.2608505560311472,-0.17430468275439936,0.1375954775302516,0.09487252453731923,0.37915780906603275,0.15125722448196324,0.34158125395301986,0.16772229987785267,0.18880901719784376,0.19920415345097597,0.8486150369850588,0.85381784020329,0.1765987203810375,-0.3631994156524242,0.04378228004360085,0.4820094589033633,0.7388302997191875,0.2754560627791328,0.15571257836971758,1.1284996492712216,0.9417321452602245
real_0094,0.7658139103222723,0.9851544922040356,1.0135634817934038,0.08143004232395168,0.016243322913588244,0.1356446112858556,0.4343201371155653,-0.03916872619944389,0.15155272287615137,-0.013680145218535524,0.027967000808740552,-0.05435542383368561,0.11819770451584456,-0.10855187167865223,-0.18622460899411483,-0.25409372196306945,0.1383386105524199,0.24076004894794176,0.0027550390040758602,0.05127533298615913,-0.12713676823523998,-0.2901216330149095,0.0061256902412047875,0.01383298307955301,-0.075117964195173,-0.08112231142644831,0.39850110913999093,-0.14949730704368755,-0.10121644661407109,-0.14464609475049853,0.07362894691947201,-0.16834961298634288,-0.25244485629689,-0.050073064279394355,0.00545941344774043,-0.038880793592431476,-0.11917733245159517,0.1245709177495987,0.016843810593959625,-0.2295548421538831,0.25108149275244895,0.08367613660013133,0.11019041866670283,-0.03252514598331741,0.10105803787548373,0.19835289892819696,-0.20357401650267368,0.1578545035494225,-0.02052261376840005,0.1128926058921904,-0.06961683023401671,0.07370021589792942,0.20927463510005279,0.22852385413194135,0.10624227133383278,0.007997741455106816,0.2611004125144192,0.13800668639892247,0.10030859013333546,0.07992062596729185,0.1485363187080124,0.056618242984760585,0.17663357211574776,0.2766230150382112,0.048214193266587005,0.2668035019308241,0.10082450297001212,-0.01797810620456274,1.05048156567088,0.8909872586297337
real_0095,1.1346296887009073,0.8626416926209163,1.0959971174614738,-0.10661015874239851,0.28328486348811177,-0.30748574022313985,-0.3904904190930744,-0.31449784608820325,0.013065239089141149,0.7441912645196824,0.039979340924686885,-0.3683329582491068,-0.489884894608443,-0.320863054943729,0.02638092807175776,0.2674083039044406,-0.442019050288919,-0.6329362797830556,0.24395643480353832,-0.3278660987625102,0.18099455313427834,-0.6021926234967153,-0.13565460376908217,-0.8131093868055953,-0.4106229889938706,-0.17230638180521482,0.11838954414188814,-0.270888499227237,-0.0608029994955048,-0.6412517462512017,0.08256324862981304,-1.077181802457765,-0.2526773022029024,-0.2079532792120573,-0.25467506060156264,0.17890716130210021,0.2199267303604644,0.10969375361576711,-0.018411256228556043,-0.21587315723650732,0.4191475678378051,0.06974296111380149,0.16423502204954527,0.6889387727999666,0.21443371917360038,-0.6674606979160268,0.039580261862884186,0.06486041436363282,0.7179015353328361,0.3416936168182268,0.5399786019690965,0.1353620977281739,0.39331345071881824,0.20093189513868948,0.29987558146640386,1.0,0.14717836750919766,-0.09103433584096754,0.48145554691950015,0.27686798439827165,0.37640872505407896,0.09438554825625334,0.06828246198682819,0.34746159140437116,0.02671794672873536,0.13827734972757152,0.23189448183339267,0.07614264331538095,0.7594108894798665,0.8626254096135224
real_0096,1.0601931362343038,0.9953672709634239,1.0752520304876874,-0.15351262019791845,-0.003452368421910032,0.0878774653475194,-0.12485552608111525,-0.33280400506825103,-0.500440347141914,0.3893667014316388,0.020519613211710586,0.18642763442123103,-0.16383124237190644,-0.3040304644040051,0.23090406176005923,-0.3902548838883263,-0.10766675202301278,-0.07934485296333824,0.5225322688032412,-0.016643524632907993,0.2438007127032908,-0.26244661255783575,0.495709125051212,0.3348944618521374,-0.16813866318145557,-0.3175260680973046,-0.1961461039287085,-0.19686409194716034,-0.11162444255142018,0.3997352528282784,-0.013825841712488757,-0.4506806188537369,-0.4036673235786547,-0.008491225557009763,-0.12243090378072731,0.06540889418188409,0.04412131835662863,-0.17323361855853514,-0.447184532130894,0.09841875287898065,0.14763123372775677,-0.15848739341322235,0.060495708683237406,-0.09157521694632585,-0.24940218397725356,0.027954461263454085,0.40171617432236667,0.04525733857286759,-0.03561876118089102,0.08787236505815779,-0.44367803722343135,-0.21833907102219596,0.1643680453578036,0.1518808654251802,0.10471428508135233,0.1104531627664507,0.35887248553482815,0.2133509520112759,-0.13201376798982822,-0.11890054409989542,0.23571526364343331,0.22959818207874094,0.5488182555823646,0.01743596649688038,0.004375793044498328,-0.5026987515146675,0.5134800269080692,-0.038752834651565635,0.8849267390601493,0.897628101003711
