parnme,n_realizations,mean,std,min,p05,p50,p95,max
backfill_mult,38,1.0039665502860509,0.1888534473498006,0.49178719265229937,0.7454790821937293,1.0125111724089586,1.312330150374137,1.448789059700906
channel_mult,38,1.0167814749589519,0.14194173468378019,0.7317576228746128,0.8039905435745497,1.002157130822419,1.2349565255671093,1.3129173607808857
ghbcond_mult,38,1.0157294566864965,0.12675593980793995,0.7040674025138463,0.835516696697024,1.0163051174711013,1.170585616595732,1.3744781286684955
pp_lower_001,38,0.04720549706122331,0.2888774796969607,-0.5790903135560509,-0.3692411513773083,0.05359217036123819,0.4354441665165945,0.7274807825107753
pp_lower_002,38,0.0783642180870186,0.26340672725403647,-0.42984720723081793,-0.41172136026666917,0.10300038440822967,0.43894578599131434,0.5972535619718436
pp_lower_003,38,0.030117686929041727,0.2727417265818237,-0.62594937983514,-0.3613367883316117,0.052857897960290376,0.45363901710440857,0.6591590524556575
pp_lower_004,38,0.01377737004262491,0.23938913595935027,-0.4655443684479042,-0.4005945545780339,0.01646161303992609,0.42643960781952245,0.4343201371155653
pp_lower_005,38,-0.07750232045264605,0.30407286042143067,-0.6252796805873287,-0.5443214054956033,-0.06642908819644315,0.3977927763528634,0.6761251294385406
pp_lower_006,38,0.05107218247524854,0.2663561558646047,-0.500440347141914,-0.4019366814224321,0.06334581197485231,0.49816911830764726,0.6023594669395745
pp_lower_007,38,0.030824450984145733,0.2610581073328639,-0.3741500181213942,-0.26962024017831476,-0.0145992961258247,0.520330199309331,0.7441912645196824
pp_lower_008,38,-0.02438630289008493,0.1420039797667792,-0.28959308570176845,-0.27088330276562045,-0.03432993482985186,0.2110295647178622,0.30326163049048904
pp_lower_009,38,-0.06868859891749478,0.28719693553481385,-0.6355959925732966,-0.462961204208877,-0.08419964638570182,0.4949364086278527,0.707321598080556
pp_lower_010,38,-0.15311590808685793,0.28676029019771526,-0.7212304649768906,-0.5490240143488074,-0.1714721948110802,0.24390163518677338,0.26475898678866616
pp_lower_011,38,0.010780592929241979,0.29452556720468254,-0.4740033757004267,-0.43495023063079846,-0.024432851095924895,0.5404816306423791,0.6400662404601561
pp_lower_012,38,0.00472032326395204,0.2947417507344988,-0.7724207294306985,-0.4086197981086798,0.056935886419807465,0.44523795788813314,0.5239588815533054
pp_lower_013,38,-0.053507907838204125,0.26443264918742776,-0.8315996787882249,-0.41075396926079055,-0.0027852801704294572,0.31361642545634616,0.43813428266271237
pp_lower_014,38,-0.030816452923842507,0.2863202803877628,-0.8430063533969114,-0.461282841227688,0.022410279399764324,0.3859633633211369,0.507166815138102
pp_lower_015,38,-0.09196195285447771,0.2706383113674303,-0.6329362797830556,-0.5416433331025857,-0.09869207488777262,0.2538203102657523,0.5160852913787934
pp_main_001,38,0.00010617698423340698,0.3222319551541637,-0.7430402255135281,-0.46875658273636694,0.0037764099154368154,0.3803449656224977,0.9635835129144315
pp_main_002,38,0.07412519961937249,0.3989815874561819,-1.0036303960086665,-0.5453868664403033,0.07849060159262941,0.6514998467630051,0.8067678989162063
pp_main_003,38,-0.04349196835573041,0.2783816335841785,-0.8274058222044899,-0.45459731537226783,-0.0314101352401555,0.31127471345930025,0.583884784067463
pp_main_004,38,-0.14632625859666568,0.2965369181325931,-0.7951679256706337,-0.624208510463865,-0.1857364818718846,0.397161482503319,0.5017024116028572
pp_main_005,38,0.044123878340557976,0.34532972098601233,-0.9468198498733388,-0.46256294555246047,0.044308220202198656,0.4553531946503642,0.8515420879101411
pp_main_006,38,-0.0011833944995201153,0.29029860507565397,-0.8131093868055953,-0.40753585567019784,0.028312983981876226,0.4313315157178744,0.7016115867383217
pp_main_007,38,0.0834567508571159,0.3177303981497238,-0.4106229889938706,-0.3527320987469534,0.040707673867481566,0.635582358565282,0.7253323227549028
pp_main_008,38,-0.08186867936639199,0.34006881007498824,-0.7524730937018077,-0.6554968926755447,-0.056992924624138463,0.3709786422777755,0.6955433486186688
pp_main_009,38,-0.036506883443873005,0.25489223259945837,-0.4326540696568483,-0.3994341995197906,-0.06330415779193149,0.4074254031128202,0.7159476685269273
pp_main_010,38,-0.11401546535924624,0.2632739562778334,-0.5815066245527466,-0.4446570955291728,-0.16757440019090789,0.3101677770349358,0.6782801505038326
pp_main_011,38,-0.02345706685263102,0.29203570440097265,-0.5602348721341145,-0.4713570696656329,-0.03614976240407833,0.5376320917935705,0.6555756280722176
pp_main_012,38,-0.10694285831850556,0.29509990817454,-0.6913822057015548,-0.6108310147196561,-0.1304534943424862,0.40881926642104144,0.4879381980293726
pp_main_013,38,0.0400357256349702,0.2631185780439316,-0.6123649015535955,-0.46712020450452624,0.07408574619924449,0.4226750968185253,0.45097214545829867
pp_main_014,38,-0.08111412815603829,0.39083648949390437,-1.077181802457765,-0.6832029770855935,-0.06945341086178075,0.5333302192958179,0.6649910156670171
pp_main_015,38,-0.21169290256799722,0.225090958468784,-0.7619596026681764,-0.5171801172640234,-0.23204774905234812,0.2188780504431668,0.35341185160338506
pp_main_016,38,0.017708207944971813,0.2607672743922053,-0.5980713526758716,-0.35219978021268206,0.006417829031042056,0.4648805541781829,0.5463524805509392
pp_main_017,38,-0.012968157881298244,0.17915082653538564,-0.29494383222008186,-0.25642756310855025,-0.035501258830727994,0.29674666060481414,0.33462166714834596
pp_main_018,38,-0.012399924641608431,0.10360531780759102,-0.23367168793544502,-0.17490936788193087,-3.726658478369997e-05,0.1426007916002763,0.17890716130210021
pp_main_019,38,-0.03796799469991069,0.1535202106396469,-0.3773664258318856,-0.278376153122017,0.009806691625520825,0.19008732572671697,0.2199267303604644
pp_main_020,38,0.05267165800847384,0.24416284891725168,-0.3528130388678845,-0.3354290812500919,0.02494514499596052,0.49857560539556917,0.5052514439533337
pp_main_021,38,0.03806812775843035,0.27445725717778796,-0.5999076472372604,-0.45271209792797956,0.04601845854264291,0.3928805980315333,0.6449917889483133
pp_main_022,38,-0.029297244909553963,0.2849589350242096,-0.5992591854850078,-0.5513280809163505,0.032282086610042025,0.43449586244540606,0.6599958928367412
pp_main_023,38,0.12016593645093376,0.2968659337681727,-0.4659959725992331,-0.4390658242666034,0.1540273020453315,0.6168705301317617,0.6398857298965108
pp_main_024,38,0.050379213340649744,0.29808509864264887,-0.6709424275493763,-0.453097266147657,0.07421381171200381,0.47444760372560546,0.7916791650064888
pp_main_025,38,0.08861116909860267,0.26868892106581554,-0.28391461460313755,-0.27169527437493163,0.061002754316861175,0.4978599520528462,0.8170157119883529
pp_main_026,38,0.11029595558576882,0.3144565016496531,-0.47711511514835386,-0.3617181835170721,0.11569898457733549,0.581273660518358,0.8048497958383951
pp_main_027,38,-0.07230265950826904,0.3306902254751979,-0.8193983095255877,-0.585112396501453,0.00021609963227573088,0.4185396771798021,0.548320712524277
pp_main_028,38,0.05323276066407747,0.26744864455371137,-0.6674606979160268,-0.3553163176556955,0.028602737363441846,0.484911339799192,0.6456895755441608
pp_main_029,38,-0.05071371337750873,0.28283110059527633,-0.6888622282520435,-0.5025748030474089,0.008328314019997063,0.32113143509571884,0.4123777098642481
pp_main_030,38,-0.09397561178368663,0.29958264597083817,-0.8548253036789003,-0.5303041231091817,-0.0611967187884258,0.3004953144053104,0.6179426352148053
pp_main_031,38,0.08430152489354165,0.3328209949039028,-0.6385234808700445,-0.45571265129356336,0.05796421851482843,0.6376265766983417,0.8309626568139727
pp_main_032,38,0.06791156701067998,0.3355728335939264,-0.6958882105691553,-0.6305141722359563,0.10617485870251238,0.4622083692436798,1.0003213151497625
pp_main_033,38,-0.0455669263919733,0.26806943010084716,-0.57631731364605,-0.5092459794804177,-0.04325655176553139,0.5172788942244211,0.5399786019690965
pp_main_034,38,-0.053235809491472746,0.3155159062136982,-0.7410460629895492,-0.5342339182516435,-0.05969972499999058,0.4586169599195533,0.7214020485065318
pp_main_035,38,0.14465944682442078,0.2683475873994985,-0.38341529896332577,-0.22593818407724317,0.10597667742011999,0.743026514660742,0.8193831424341919
pp_upper_001,38,0.06642611622115047,0.2850976135271882,-0.6177216938945916,-0.3790798220909377,0.10062365518623059,0.4514596917828482,1.0
pp_upper_002,38,0.024398943984353914,0.2511680116932534,-0.5408124410913434,-0.48406457185848,0.10479860095365691,0.312450960144886,0.38893751161530443
pp_upper_003,38,0.06056736582857964,0.3166794947614323,-0.5092492336451512,-0.3379451264528474,0.03167627385095709,0.5161948479528023,1.0
pp_upper_004,38,0.10052963532733461,0.26819929395785247,-0.36063744575870743,-0.312535022231304,0.11602837656288867,0.5907887427608767,0.6230651720424102
pp_upper_005,38,0.011246373972753347,0.31233270235616284,-0.8496860795959051,-0.4021329803782031,-0.01016868518150469,0.4525748129734238,0.6385417558364147
pp_upper_006,38,0.028768081147700287,0.2678059203392761,-0.5718631620569654,-0.36942260858769266,0.032451972939793544,0.40687010317510086,0.567371204006908
pp_upper_007,38,-0.00456982684750327,0.33758488192573544,-0.7481847068401913,-0.5460829654931348,-0.008701988227690041,0.5531527662015694,0.8486150369850588
pp_upper_008,38,0.060517229886612005,0.29443843276744547,-0.6598913399684573,-0.293560989212176,0.08430027508354153,0.40082489923658965,0.85381784020329
pp_upper_009,38,0.09812033586817788,0.18423119958854106,-0.2213279802080756,-0.17448805675724527,0.09577089032865034,0.3914823685742206,0.6545803292918825
pp_upper_010,38,0.020644314558247282,0.30737238167214137,-0.5144164469793402,-0.37819735461962817,0.03700963812665351,0.5553099025987656,0.8249223312250775
pp_upper_011,38,0.08982316313564502,0.29349822223792216,-0.6147768557015595,-0.34484049233971226,0.04666228072672979,0.5969014986610017,0.8035820527509968
pp_upper_012,38,0.11826655866773617,0.31821736334063555,-0.597525090816505,-0.41006264619523647,0.0813413434550225,0.6733980342577227,0.8194756371149199
pp_upper_013,38,0.044248243782051964,0.3432743548170027,-0.6430373777382188,-0.5080730223794553,0.046165973258528475,0.6931902462007533,0.7993833877326508
pp_upper_014,38,0.1624858947963588,0.2501931030023001,-0.4986952972612062,-0.27122091230731044,0.15270817305185952,0.5267490805755949,0.7612336684769716
pp_upper_015,38,0.09616678644388096,0.3320081943446659,-0.9780793238861132,-0.3536232673746811,0.12565317311182536,0.6081305291746634,0.6966969220792861
rch_mult,38,1.01625049232029,0.09850735162862748,0.7594108894798665,0.8668934512087528,1.0200683246959645,1.1837739887054766,1.2009486612765978
riverbedk_mult,38,0.9004337002114743,0.13326748721733941,0.5975441873319208,0.649954361209861,0.8943076798167224,1.0835782266890523,1.1693804071788785
